ticker,full_10y,dva_shares,dva_spent,dva_cash,dva_avg_price,dva_trades,P_end,A_P_dca,A_extra_shares,A_mix_shares,A_mix_avg_price,A_dca_pure_shares,A_eff_mix,A_eff_dca,A_improvement,B_P_dca,B_extra_shares,B_mix_shares,B_mix_avg_price,B_dca_pure_shares,B_eff_mix,B_eff_dca,B_improvement,n_months,monthly_budget,n_days
1443.T,False,6300,1355110.0708007812,4644889.929199219,215.09683663504464,63,254.0360870361328,231.85204158457674,20000,26300,227.8384373571223,25800,1.1135248481750488,1.092355174255371,1.0193798449612403,239.29671827952066,19400,25700,233.36445157289813,25000,1.0881212394714355,1.0584836959838868,1.0279999999999998,96,62500.0,1961
4733.T,True,700,2269815.2099609375,3730184.7900390625,3242.5931570870534,7,8374.6943359375,4268.283216203962,800,1500,3789.627855282738,1400,2.093673583984375,1.9540953450520833,1.0714285714285714,4757.232905578613,700,1400,3999.9130313328333,1200,1.9540953450520833,1.6749388671875,1.1666666666666665,120,50000.0,2465
3046.T,True,800,3715518.212890625,2284481.787109375,4644.397766113281,8,5480.11328125,5234.5605357776985,400,1200,4841.118689334753,1100,1.09602265625,1.0046874348958332,1.090909090909091,5490.9306365966795,400,1200,4926.575389607748,1000,1.09602265625,0.9133522135416666,1.2,120,50000.0,2465
4519.T,True,700,1014366.0400390625,4985633.9599609375,1449.0943429129463,7,8169.81787109375,2368.209674835205,2100,2800,2138.43084185464,2500,3.812581673177083,3.404090779622396,1.1199999999999999,3422.6862650553385,1400,2100,2764.8222910078744,1700,2.8594362548828123,2.314781730143229,1.2352941176470589,120,50000.0,2465
3994.T,False,900,2576550.0,3423450.0,2862.8333333333335,9,4668.0,3436.8970588235293,900,1800,3149.865196078431,1700,1.4004,1.3226,1.0588235294117647,4100.06,800,1700,3445.0576470588235,1400,1.3226,1.0892,1.2142857142857144,100,60000.0,2033
3445.T,True,1400,2178345.687866211,3821654.312133789,1555.961205618722,14,3770.0,1773.7384395599365,2100,3500,1686.6275459834508,3300,2.1991666666666667,2.0735,1.0606060606060606,2402.7093580881756,1500,2900,1993.9343879305084,2400,1.8221666666666667,1.508,1.2083333333333333,120,50000.0,2465
4194.T,False,400,2925000.0,3074999.9999999977,7312.5,4,10010.0,8237.92857142857,300,700,7709.112244897959,700,1.1678333333333333,1.1678333333333333,1.0,8254.307017543859,300,700,7716.131578947368,700,1.1678333333333333,1.1678333333333333,1.0,57,105263.15789473684,1148
9603.T,True,1800,3194167.5659179688,2805832.4340820312,1774.5375366210938,18,1321.0,2123.60886492048,1300,3100,1920.9222871982558,2800,0.6825166666666667,0.6164666666666667,1.107142857142857,2403.917039489746,1100,2900,2013.267692881617,2400,0.6384833333333333,0.5284,1.2083333333333333,120,50000.0,2465
3659.T,True,1400,2298591.9006347656,3701408.0993652344,1641.851357596261,14,3773.262451171875,1656.6847246955422,2200,3600,1650.9161930458217,3600,2.263957470703125,2.263957470703125,1.0,2037.4030550638834,1800,3200,1864.3491874217987,2900,2.012406640625,1.8237435180664063,1.103448275862069,120,50000.0,2465
4684.T,True,800,1483170.3979492188,4516829.602050781,1853.9629974365234,8,4862.94091796875,2281.7414433405947,1900,2700,2154.9922741838327,2600,2.1883234130859375,2.1072743977864583,1.0384615384615385,3050.662841796875,1400,2200,2615.4992620294743,1900,1.7830783365885416,1.5399312906901041,1.1578947368421053,120,50000.0,2465
7832.T,True,1100,1383277.3132324219,4616722.686767578,1257.5248302112925,11,4120.13525390625,1654.9181823730469,2700,3800,1539.8832646420128,3600,2.609418994140625,2.47208115234375,1.0555555555555558,2237.890575917562,2000,3100,1890.0188596992084,2600,2.1287365478515623,1.785391943359375,1.1923076923076923,120,50000.0,2465
7550.T,True,800,1478342.7734375,4521657.2265625,1847.928466796875,8,8937.6044921875,2683.6863868350074,1600,2400,2405.1004134889636,2200,3.575041796875,3.2771216471354165,1.0909090909090908,3721.907317606608,1200,2000,2972.315777282715,1600,2.979201497395833,2.3833611979166665,1.25,120,50000.0,2465
9766.T,True,700,2449613.2568359375,3550386.7431640625,3499.447509765625,7,21179.505859375,4560.6276448567705,700,1400,4030.0375773111978,1300,4.941884700520833,4.588892936197917,1.0769230769230769,7235.8120524088545,400,1100,4858.125525272254,800,3.8829094075520834,2.8239341145833334,1.375,120,50000.0,2465
7974.T,True,800,2341155.2856445312,3658844.7143554688,2926.444107055664,8,10391.4931640625,3883.1610880533854,900,1700,3432.9413322897517,1500,2.944256396484375,2.597873291015625,1.1333333333333333,5057.461701456706,700,1500,3920.9189844428165,1100,2.597873291015625,1.905107080078125,1.3636363636363635,120,50000.0,2465
6702.T,True,1900,1281995.2880859375,4718004.7119140625,674.7343621504934,19,4282.6083984375,967.4815865209547,4800,6700,884.4637169233612,6200,4.782246044921875,4.42536201171875,1.0806451612903225,1470.2275374094645,3200,5100,1173.8673348620046,4000,3.640217138671875,2.855072265625,1.2750000000000001,120,50000.0,2465
4307.T,True,900,1085852.4841308594,4914147.515869141,1206.5027601453994,9,5961.59619140625,2138.605022289135,2200,3100,1867.994688118373,2800,3.0801580322265627,2.78207822265625,1.1071428571428572,2872.8379056294757,1700,2600,2296.0295860388337,2000,2.583358349609375,1.98719873046875,1.3,120,50000.0,2465
9843.T,True,1100,2843941.30859375,3156058.69140625,2585.401189630682,11,2726.502197265625,2962.775555419922,1000,2100,2765.103268577939,2000,0.9542757690429687,0.9088340657552083,1.05,3134.5826156616213,1000,2100,2846.9161544073195,1900,0.9542757690429687,0.8633923624674479,1.105263157894737,120,50000.0,2465
3349.T,True,500,2471124.31640625,3528875.68359375,4942.2486328125,5,7883.26318359375,6469.551350911458,500,1000,5705.899991861978,900,1.313877197265625,1.1824894775390624,1.1111111111111112,6478.277803548177,500,1000,5710.263218180338,900,1.313877197265625,1.1824894775390624,1.1111111111111112,120,50000.0,2465
2791.T,True,700,2429569.873046875,3570430.126953125,3470.8141043526784,7,5672.89404296875,4963.979787190755,700,1400,4217.396945771717,1200,1.3236752766927082,1.13457880859375,1.1666666666666665,5560.196799723307,600,1300,4435.1445791391225,1000,1.2291270426432293,0.9454823404947916,1.3,120,50000.0,2465
9627.T,True,800,4335695.99609375,1664304.00390625,5419.6199951171875,8,6594.35595703125,6147.257975260417,200,1000,5565.147591145834,900,1.099059326171875,0.9891533935546875,1.1111111111111112,6136.711039225261,200,1000,5563.038203938802,900,1.099059326171875,0.9891533935546875,1.1111111111111112,120,50000.0,2465
4478.T,False,1100,3568600.0,2431399.999999997,3244.181818181818,11,3005.0,3921.3,600,1700,3483.164705882353,1500,0.8514166666666667,0.75125,1.1333333333333335,4562.424657534247,500,1600,3656.1327054794515,1300,0.8013333333333333,0.6510833333333333,1.2307692307692308,73,82191.78082191781,1475
464A.T,False,1700,2328000.0,3672000.0,1369.4117647058824,17,1616.0,1638.4444444444443,2200,3900,1521.1737891737891,3600,1.0504,0.9696,1.0833333333333333,1905.06,1900,3600,1652.115,3100,0.9696,0.8349333333333333,1.1612903225806452,25,240000.0,506
9158.T,False,1700,2357600.0,3642400.0000000023,1386.8235294117646,17,848.0,1576.4342105263158,2300,4000,1495.8496710526315,3800,0.5653333333333334,0.5370666666666667,1.0526315789473684,1891.0645161290322,1900,3600,1652.9507168458779,3100,0.5088,0.4381333333333333,1.1612903225806452,31,193548.38709677418,620
7699.T,False,3100,1919600.0,4080400.0000000023,619.2258064516129,31,809.0,601.8080808080808,6700,9800,607.3177695320552,9900,1.3213666666666666,1.33485,0.9898989898989897,644.4636363636364,6300,9400,636.1405222437137,9300,1.2674333333333334,1.25395,1.0107526881720432,55,109090.90909090909,1104
4375.T,False,2800,2249800.0,3750200.0000000033,803.5,28,842.0,852.4857142857143,4300,7100,833.1674044265593,7000,0.9963666666666666,0.9823333333333333,1.0142857142857142,1029.701923076923,3600,6400,930.7385817307692,5800,0.8981333333333333,0.8139333333333333,1.103448275862069,52,115384.61538461539,1043
6574.T,False,16000,143585.19706726074,5856414.802932735,8.974074816703796,160,111.04273223876953,8.643138230731449,677500,693500,8.650773393493608,694100,12.83468913459778,12.845793407821656,0.9991355712433367,20.10906527375662,291200,307200,19.529117854118454,298300,5.685387890625,5.520674504470826,1.0298357358364063,93,64516.12903225807,1895
2986.T,False,1400,1311400.9811401367,4688599.01885986,936.7149865286691,14,2735.302734375,586.6737118530274,7900,9300,639.3680972880702,10200,4.23971923828125,4.6500146484375,0.9117647058823529,1086.8892443107836,4300,5700,1050.0043388906151,5500,2.59853759765625,2.50736083984375,1.0363636363636364,66,90909.09090909091,1346
5590.T,False,2300,2119200.0,3880799.999999998,921.3913043478261,23,1006.0,949.7539682539683,4000,6300,939.3993449231544,6300,1.0563,1.0563,1.0,981.2142857142857,3900,6200,959.0218894009217,6100,1.0395333333333334,1.0227666666666666,1.016393442622951,28,214285.7142857143,554
6030.T,True,1700,4817284.2041015625,1182715.7958984375,2833.696590647978,17,1644.0,4186.394256591797,200,1900,2976.085818642064,1400,0.5206,0.3836,1.357142857142857,5219.560515340169,200,1900,3084.8401616682086,1100,0.5206,0.3014,1.727272727272727,120,50000.0,2465
2586.T,True,11300,2234200.0,3765800.0,197.71681415929203,113,124.0,151.32575757575756,24800,36100,165.8470578359775,39600,0.7460666666666667,0.8184,0.9116161616161615,346.23333333333335,10800,22100,270.2950226244344,17300,0.4567333333333333,0.3575333333333333,1.277456647398844,120,50000.0,2465
6094.T,True,4300,3858400.0,2141600.0,897.3023255813954,43,519.0,1194.875,1700,6000,981.6145833333334,5000,0.519,0.4325,1.2,1656.4041666666667,1200,5500,1062.9245454545455,3600,0.47575,0.3114,1.5277777777777777,120,50000.0,2465
2998.T,False,2000,1217972.0260620117,4782027.973937989,608.9860130310059,20,919.8912963867188,566.071656436012,8400,10400,574.3244173196646,10500,1.5944782470703125,1.6098097686767578,0.9904761904761904,765.1049155341254,6200,8200,727.0271344358035,7800,1.2571847717285156,1.1958586853027344,1.0512820512820513,45,133333.33333333334,900
6521.T,False,2100,3749500.0,2250499.999999998,1785.4761904761904,21,1512.0,2438.9270833333335,900,3000,1981.5114583333334,2400,0.756,0.6048,1.25,2815.5745614035086,700,2800,2043.0007832080198,2100,0.7056,0.5292,1.3333333333333333,57,105263.15789473684,1161
9162.T,False,3500,1403900.0,4596100.0,401.1142857142857,35,281.0,359.7801204819277,12700,16200,368.71034136546183,16600,0.7587,0.7774333333333333,0.9759036144578314,418.3666666666667,10900,14400,414.17337962962966,14300,0.6744,0.6697166666666666,1.006993006993007,30,200000.0,610
3652.T,True,1700,4045800.0,1954200.0,2379.8823529411766,17,2360.0,2465.1875,700,2400,2404.7630208333335,2400,0.944,0.944,1.0,3161.425,600,2300,2583.763043478261,1800,0.9046666666666666,0.708,1.2777777777777777,120,50000.0,2465
4170.T,False,4600,1796000.0,4204000.000000003,390.4347826086956,46,173.0,313.6125654450262,13400,18000,333.24490983129726,19100,0.519,0.5507166666666666,0.9424083769633509,540.0081967213115,7700,12300,484.0701719312275,11100,0.35465,0.32005,1.1081081081081081,61,98360.65573770492,1230
9348.T,False,4300,2676400.0,3323599.9999999986,622.4186046511628,43,448.0,756.8037974683544,4300,8600,689.6112010597586,7900,0.6421333333333333,0.5898666666666667,1.0886075949367089,859.469696969697,3800,8100,733.6277590722035,6900,0.6048,0.5152,1.173913043478261,33,181818.18181818182,666
2160.T,True,1900,2061033.3312988281,3938966.668701172,1084.75438489412,19,2412.0,1458.146342952077,2700,4600,1303.9192298411817,4100,1.8492,1.6482,1.121951219512195,1780.695834350586,2200,4100,1458.186382163443,3300,1.6482,1.3266,1.2424242424242424,120,50000.0,2465
4582.T,True,9500,2908300.0,3091700.0,306.13684210526316,95,90.0,418.9055944055944,7300,16800,355.13754995004996,14300,0.252,0.2145,1.1748251748251748,667.7833333333333,4600,14100,424.1208037825059,8900,0.2115,0.1335,1.5842696629213482,120,50000.0,2465
7777.T,True,6300,1947600.0,4052400.0,309.14285714285717,63,359.0,295.8217821782178,13600,19900,300.03900691576695,20200,1.1906833333333333,1.2086333333333332,0.9851485148514852,431.5708333333333,9300,15600,382.128766025641,13900,0.9334,0.8316833333333333,1.1223021582733812,120,50000.0,2465
9166.T,False,2700,2069674.838256836,3930325.161743164,766.5462363914207,27,696.22314453125,840.0952086112868,4600,7300,812.8921640916102,7100,0.8470714925130208,0.8238640543619792,1.028169014084507,916.557276916504,4200,6900,857.8573045371236,6500,0.8006566162109375,0.7542417399088541,1.0615384615384615,30,200000.0,594
7806.T,False,1800,2332542.5170898438,3667457.4829101544,1295.856953938802,18,4730.0,1403.6995968702363,2600,4400,1359.5821520346497,4200,3.4686666666666666,3.311,1.0476190476190477,2034.4922468397353,1800,3600,1665.1746003892686,2900,2.838,2.2861666666666665,1.2413793103448276,90,66666.66666666667,1831
3479.T,False,1700,3003300.0,2996699.999999992,1766.6470588235295,17,1795.0,2181.666668927228,1300,3000,1946.4888898684655,2700,0.8975,0.80775,1.1111111111111112,2644.275605975457,1100,2800,2111.429702347501,2200,0.8376666666666667,0.6581666666666667,1.2727272727272727,106,56603.77358490566,2163
3491.T,False,2200,2174522.9553222656,3825477.0446777297,988.4195251464844,22,1771.0,1327.0346346768465,2800,5000,1178.043986483487,4500,1.4758333333333333,1.32825,1.1111111111111112,1485.9396172417535,2500,4700,1253.05787200567,4000,1.3872833333333334,1.1806666666666668,1.175,90,66666.66666666667,1820
4575.T,True,4400,1909300.0,4090700.0,433.9318181818182,44,803.0,606.1173469387755,6700,11100,537.8636238279096,9800,1.48555,1.3115666666666668,1.1326530612244896,745.7791666666667,5400,9800,605.7660714285714,8000,1.3115666666666668,1.0706666666666667,1.225,120,50000.0,2465
4592.T,True,3100,3674500.0,2325500.0,1185.3225806451612,31,1690.0,1312.6666666666667,1700,4800,1230.4236111111113,4500,1.352,1.2675,1.0666666666666667,1900.6583333333333,1200,4300,1384.9511627906977,3100,1.2111666666666667,0.8731666666666666,1.3870967741935485,120,50000.0,2465
3773.T,True,2500,1882850.8483886719,4117149.151611328,753.1403393554688,25,1040.8843994140625,948.8621659051804,4300,6800,876.90561202661,6300,1.1796689860026042,1.0929286193847656,1.0793650793650793,1067.5679187774658,3800,6300,942.7950698004829,5600,1.0929286193847656,0.9714921061197916,1.125,120,50000.0,2465
7803.T,False,4700,1211613.2385253906,4788386.761474613,257.79005075008314,47,293.1647644042969,291.68153492997334,16400,21100,284.13224698468974,20500,1.0309627548217772,1.0016462783813476,1.0292682926829269,313.8179397583008,15200,19900,300.58522225384735,19100,0.972329801940918,0.9332411666870117,1.0418848167539267,78,76923.07692307692,1570
4628.T,True,600,4424496.630859375,1575503.369140625,7374.161051432292,6,10885.7880859375,7997.067766462053,100,700,7463.1477250079715,700,1.2700086100260417,1.2700086100260417,1.0,8229.399334716796,100,700,7496.337949044364,700,1.2700086100260417,1.2700086100260417,1.0,120,50000.0,2465
2782.T,True,1200,3475271.5087890625,2524728.4912109375,2896.0595906575522,12,3445.243408203125,2972.284747314453,800,2000,2926.5496533203127,2000,1.1484144694010416,1.1484144694010416,1.0,3148.319204711914,800,2000,2996.9634362792967,1900,1.1484144694010416,1.0909937459309895,1.0526315789473684,120,50000.0,2465
8871.T,True,1400,1785325.8544921875,4214674.1455078125,1275.2327532087054,14,3261.035400390625,1562.9689529006546,2600,4000,1462.2612830084724,3800,2.1740236002604165,2.0653224202473957,1.0526315789473684,1742.361139424642,2400,3800,1570.261207660876,3400,2.0653224202473957,1.8479200602213541,1.1176470588235294,120,50000.0,2465
8928.T,True,1800,2107097.4182128906,3892902.5817871094,1170.6096767849392,18,2184.6708984375,1412.1974392845518,2700,4500,1315.5623342847066,4200,1.638503173828125,1.52926962890625,1.0714285714285714,1513.2192395528157,2500,4300,1369.8012830453324,3900,1.565680810546875,1.420036083984375,1.1025641025641024,120,50000.0,2465
3437.T,True,1600,2797535.5102539062,3202464.4897460938,1748.4596939086914,16,3341.81201171875,1742.1144982540245,1800,3400,1745.10047267975,3400,1.8936934733072917,1.8936934733072917,1.0,1880.5740290323893,1700,3300,1816.5185938208992,3100,1.8379966064453126,1.7266028727213543,1.064516129032258,120,50000.0,2465
2790.T,True,2100,2519941.729736328,3480058.270263672,1199.9722522553943,21,2194.309814453125,1500.0625266050681,2300,4400,1356.8376229381784,3900,1.6091605305989582,1.4263013793945312,1.1282051282051282,1592.5349561055502,2100,4200,1396.2536041804722,3700,1.5360168701171875,1.3531577189127604,1.135135135135135,120,50000.0,2465
3944.T,True,1700,3001347.9248046875,2998652.0751953125,1765.498779296875,17,2326.4716796875,1869.672892908896,1600,3300,1816.0074404420975,3200,1.279559423828125,1.2407848958333334,1.0312499999999998,1943.267714436849,1500,3200,1848.8279676437378,3000,1.2407848958333334,1.16323583984375,1.0666666666666669,120,50000.0,2465
3690.T,True,4900,3794877.151489258,2205122.848510742,774.4647247937261,49,570.0,917.9763559194712,2400,7300,821.6466309172588,6500,0.6935,0.6175,1.123076923076923,1142.2706720987956,1900,6800,877.2340335995542,5200,0.646,0.494,1.3076923076923077,120,50000.0,2465
2689.T,True,2100,2146029.0466308594,3853970.9533691406,1021.9185936337426,21,1963.60693359375,1247.0323092142742,3000,5100,1154.3384263281728,4800,1.6690658935546876,1.570885546875,1.0625,1318.2697347005208,2900,5000,1193.802255452474,4500,1.636339111328125,1.4727052001953125,1.1111111111111112,120,50000.0,2465
4624.T,True,1000,2749365.5517578125,3250634.4482421875,2749.3655517578127,10,3545.747314453125,2867.9647583007813,1100,2100,2811.4889456612723,2000,1.2410115600585938,1.181915771484375,1.05,2911.1798283894855,1100,2100,2834.1254109458314,2000,1.2410115600585938,1.181915771484375,1.05,120,50000.0,2465
3710.T,True,4100,2921255.37109375,3078744.62890625,712.5013100228658,41,576.0,762.5718336838943,4000,8100,737.2274945468305,7800,0.7776,0.7488,1.0384615384615383,815.435860188802,3700,7800,761.3292376656817,7300,0.7488,0.7008,1.0684931506849316,120,50000.0,2465
3951.T,True,2600,2067820.751953125,3932179.248046875,795.315673828125,26,855.3370971679688,810.64453125,4800,7400,805.258716480152,7400,1.054915753173828,1.054915753173828,1.0,818.5861956278483,4800,7400,810.4100663468645,7300,1.054915753173828,1.0406601348876954,1.0136986301369861,120,50000.0,2465
3958.T,False,2200,1119389.5141601562,4880610.485839843,508.81341552734375,22,546.9458618164062,525.5807811000891,9200,11400,522.3449737088575,11400,1.039197137451172,1.039197137451172,1.0,526.9062608991351,9200,11400,523.4146591607192,11300,1.039197137451172,1.030081373087565,1.008849557522124,28,214285.7142857143,556
4623.T,True,1500,2115178.955078125,3884821.044921875,1410.1193033854167,15,1694.27587890625,1499.315998840332,2500,4000,1465.8672380447388,4000,1.1295172526041666,1.1295172526041666,1.0,1508.6360799153647,2500,4000,1471.6922887166343,3900,1.1295172526041666,1.1012793212890626,1.0256410256410255,120,50000.0,2465
3955.T,True,2800,1455471.4782714844,4544528.521728516,519.8112422398159,28,979.0297241210938,592.579940032959,7600,10400,572.9883675501897,10100,1.6969848551432292,1.6480333689371744,1.0297029702970297,681.0296288808187,6600,9400,633.0071307324349,8800,1.5338132344563802,1.4359102620442707,1.0681818181818181,120,50000.0,2465
3067.T,True,5000,2548462.551879883,3451537.448120117,509.69251037597655,50,441.0,546.3980507106955,6300,11300,530.1566611820588,10900,0.83055,0.80115,1.036697247706422,552.8432350158691,6200,11200,533.5795186587742,10800,0.8232,0.7938,1.0370370370370372,120,50000.0,2465
3484.T,False,3100,2137415.530395508,3862584.4696044875,689.4888807727444,31,1161.2821044921875,774.565993668197,4900,8000,741.5986124212093,7700,1.5483761393229167,1.4903120340983074,1.0389610389610389,808.994911887429,4700,7800,761.4989251623621,7400,1.5096667358398437,1.432247928873698,1.054054054054054,99,60606.06060606061,2015
3020.T,True,1600,2239822.1557617188,3760177.8442382812,1399.8888473510742,16,4335.4931640625,1643.0550276812385,2200,3800,1540.669267542222,3600,2.7458123372395833,2.6012958984375,1.0555555555555556,1994.6728177388509,1800,3400,1714.7744787328384,3000,2.456779459635417,2.16774658203125,1.1333333333333335,120,50000.0,2465
3435.T,True,2300,1978038.2446289062,4021961.7553710938,860.0166280995245,23,1281.4715576171875,840.2375688825335,4700,7000,846.7364026252592,7100,1.4950501505533855,1.5164080098470052,0.9859154929577466,889.1368807474772,4500,6800,879.2873835283167,6700,1.4523344319661458,1.430976572672526,1.0149253731343282,120,50000.0,2465
3134.T,True,4500,3248899.1485595703,2751100.8514404297,721.9775885687934,45,457.55322265625,933.0184284448624,2900,7400,804.6827825742799,6400,0.5643156412760416,0.4880567708333333,1.15625,1085.7251845677695,2500,7000,851.8874442827134,5500,0.5338120930989584,0.41942378743489583,1.272727272727273,120,50000.0,2465
3943.T,False,1800,1664202.4291992188,4335797.570800781,924.5569051106771,18,1374.55517578125,935.265619187128,4600,6400,932.2537933531262,6400,1.4661921875,1.4661921875,1.0,967.6177368164062,4400,6200,955.1162050308719,6200,1.420373681640625,1.420373681640625,1.0,47,127659.5744680851,943
3698.T,True,3100,3685704.132080078,2314295.867919922,1188.936816800025,31,1082.943115234375,1351.482486378063,1700,4800,1246.5050747755802,4400,0.8663544921875,0.7941582845052083,1.090909090909091,1650.764754486084,1400,4500,1332.616619635688,3600,0.8122073364257812,0.649765869140625,1.25,120,50000.0,2465
4635.T,True,4300,1567511.1022949219,4432488.897705078,364.5374656499818,43,1398.583740234375,415.46164268917505,10600,14900,400.76540367786424,14400,3.4731496215820314,3.3566009765625,1.0347222222222223,469.58094533284503,9400,13700,436.611094045523,12700,3.1934328735351563,2.960335583496094,1.078740157480315,120,50000.0,2465
3096.T,True,2500,2202459.4482421875,3797540.5517578125,880.983779296875,25,1477.454833984375,932.1044816970825,4000,6500,912.4426730816181,6400,1.6005760701497396,1.5759518229166667,1.015625,950.5371157328287,3900,6400,923.3678436875343,6300,1.5759518229166667,1.5513275756835938,1.0158730158730158,120,50000.0,2465
3426.T,True,2500,2633787.4938964844,3366212.5061035156,1053.5149975585937,25,1305.2314453125,1087.8027089436848,3000,5500,1072.2173855868252,5500,1.196462158203125,1.196462158203125,1.0,1134.281793721517,2900,5400,1096.8897584609044,5200,1.17470830078125,1.1312005859375,1.0384615384615383,120,50000.0,2465
3667.T,True,12500,3059100.0,2940900.0,244.728,125,57.0,327.8387978142076,8900,21400,279.2927710535723,18300,0.2033,0.17385,1.169398907103825,574.8,5100,17600,340.37386363636364,10400,0.1672,0.0988,1.6923076923076923,120,50000.0,2465
3080.T,True,4300,1689225.29296875,4310774.70703125,392.8430913880814,43,787.7791137695312,417.16285364110985,10300,14600,410.00018393645075,14300,1.9169291768391927,1.8775402211507162,1.020979020979021,458.6287665685018,9300,13600,437.8288839746924,13000,1.785632657877604,1.706854746500651,1.0461538461538462,120,50000.0,2465
3011.T,True,7700,921314.5420074463,5078685.457992554,119.65123922174627,77,148.84239196777344,122.36551187476333,41500,49200,121.94071717093748,49000,1.2205076141357423,1.2155462010701497,1.0040816326530613,128.58055572509767,39400,47100,127.12077362157737,46600,1.1684127769470214,1.1560092442830403,1.0107296137339055,120,50000.0,2465
8844.T,True,4000,1514681.7657470703,4485318.23425293,378.6704414367676,40,1132.1575927734375,463.38318651775984,9600,13600,438.4676732586445,12900,2.566223876953125,2.4341388244628908,1.054263565891473,544.0841693878174,8200,12200,489.85016022353875,11000,2.3020537719726564,2.075622253417969,1.1090909090909091,120,50000.0,2465
2991.T,False,2700,763431.7718505859,5236568.22814941,282.7525080928096,27,667.6682739257812,296.10232194739194,17600,20300,294.32673094210264,20200,2.2589443267822267,2.2478165222167967,1.004950495049505,345.5303059330693,15100,17800,336.0078309797715,17300,1.9807492126464843,1.925110189819336,1.0289017341040463,54,111111.11111111111,1088
8869.T,True,4400,1858467.9260253906,4141532.0739746094,422.3790740966797,44,1087.892333984375,527.2940293033566,7800,12200,489.45584873701415,11300,2.212047745768229,2.0488638956705727,1.0796460176991152,600.463086827596,6800,11200,530.5015103975932,9900,2.0307323567708333,1.7950223510742187,1.1313131313131313,120,50000.0,2465
8904.T,True,3500,2106241.0430908203,3893758.9569091797,601.7831551688058,35,846.260009765625,708.8064064752488,5400,8900,666.7186110176588,8400,1.2552856811523438,1.184764013671875,1.0595238095238098,717.6715391794841,5400,8900,672.0974555797791,8300,1.2552856811523438,1.1706596801757811,1.0722891566265063,120,50000.0,2465
2370.T,True,12500,795600.0,5204400.0,63.648,125,29.0,64.8518918918919,80200,92700,64.68955479751597,92500,0.44805,0.44708333333333333,1.0021621621621621,79.57083333333334,65400,77900,77.0158215661104,75400,0.37651666666666667,0.36443333333333333,1.03315649867374,120,50000.0,2465
4588.T,True,3600,2107200.0,3892800.0,585.3333333333334,36,1384.0,808.8918918918919,4800,8400,713.081081081081,7400,1.9376,1.7069333333333334,1.135135135135135,1007.7083333333334,3800,7400,802.2286036036037,5900,1.7069333333333334,1.3609333333333333,1.2542372881355932,120,50000.0,2465
4013.T,False,3700,1906720.8618164062,4093279.1381835905,515.3299626530828,37,1228.0,572.8050122307342,7100,10800,553.1144859865389,10400,2.2104,2.1285333333333334,1.0384615384615383,713.9705800858754,5700,9400,635.7822519474357,8400,1.9238666666666666,1.7192,1.119047619047619,63,95238.09523809524,1278
4893.T,False,4900,1051900.0,4948100.0,214.6734693877551,49,133.0,200.6304347826087,24600,29500,202.9630066322771,29900,0.6539166666666667,0.6627833333333333,0.9866220735785954,242.06451612903226,20400,25300,236.75953079178885,24700,0.5608166666666666,0.5475166666666667,1.0242914979757085,31,193548.38709677418,615
4881.T,False,8200,1437100.0,4562900.000000001,175.2560975609756,82,82.0,174.23546511627907,26100,34300,174.47946470947184,34400,0.46876666666666666,0.47013333333333335,0.997093023255814,224.31967213114754,20300,28500,210.20313488639633,26700,0.3895,0.3649,1.0674157303370786,61,98360.65573770492,1227
3911.T,True,5600,1723407.632446289,4276592.367553711,307.7513629368373,56,224.0,351.6126016953412,12100,17700,337.7355996022552,17000,0.6608,0.6346666666666667,1.0411764705882354,395.4914194107056,10800,16400,365.5314001269457,15100,0.6122666666666666,0.5637333333333333,1.086092715231788,120,50000.0,2465
2385.T,True,8100,1756705.168914795,4243294.831085205,216.87718134750554,81,225.40817260742188,267.76226678916385,15800,23900,250.51669389889472,22400,0.8978758875528972,0.8415238444010417,1.0669642857142858,340.8341330210368,12400,20500,291.8560204085684,17600,0.7701445897420247,0.6611973063151042,1.164772727272727,120,50000.0,2465
4892.T,False,3400,2213400.0,3786600.0000000037,651.0,34,590.0,763.7051282051282,4900,8300,717.5367624343528,7800,0.8161666666666667,0.767,1.064102564102564,835.6486486486486,4500,7900,756.1796099897366,7100,0.7768333333333334,0.6981666666666667,1.1126760563380282,37,162162.16216216216,756
6999.T,True,3400,3013687.98828125,2986312.01171875,886.3788200827206,34,1356.9716796875,1193.1727337646485,2500,5900,1016.3762411343849,5000,1.3343554850260417,1.1308097330729168,1.18,1311.039996846517,2200,5600,1053.2099966684978,4500,1.2665069010416667,1.017728759765625,1.2444444444444445,120,50000.0,2465
8388.T,True,1500,3005482.9345703125,2994517.0654296875,2003.6552897135416,15,4324.3017578125,2295.4949951171875,1300,2800,2139.152295793806,2600,2.0180074869791667,1.8738640950520833,1.0769230769230769,2402.8306599934895,1200,2700,2181.0665653935184,2400,1.945935791015625,1.729720703125,1.125,120,50000.0,2465
6532.T,False,1900,473043.9353942871,5526956.064605707,248.97049231278268,19,6419.970703125,496.25611471696334,11100,13000,460.1143699040447,12000,13.9099365234375,12.83994140625,1.0833333333333333,2716.161632026945,2000,3900,1514.1967178072248,2200,4.17298095703125,2.3539892578125,1.7727272727272725,112,53571.42857142857,2300
6460.T,True,1900,2646065.008544922,3353934.991455078,1392.6657939710115,19,2420.816162109375,1535.8101986616086,2100,4000,1467.816606433575,3900,1.61387744140625,1.5735305053710937,1.0256410256410255,1712.4139340718586,1900,3800,1552.539864021435,3500,1.5331835693359375,1.4121427612304687,1.0857142857142859,120,50000.0,2465
9519.T,False,3300,2824225.0,3175774.9999999953,855.8257575757576,33,685.0,898.3598484848485,3500,6800,877.7183043672014,6600,0.7763333333333333,0.7535,1.0303030303030303,1489.4345794392523,2100,5400,1102.22918830045,4000,0.6165,0.45666666666666667,1.35,107,56074.766355140186,2184
9601.T,True,400,4395034.765625,1604965.234375,10987.5869140625,4,11829.1748046875,11976.697021484375,100,500,11185.408935546875,500,0.9857645670572917,0.9857645670572917,1.0,12411.044596354166,100,500,11272.278450520833,400,0.9857645670572917,0.7886116536458333,1.25,120,50000.0,2465
8362.T,True,2100,2847675.8850097656,3152324.1149902344,1356.036135718936,21,2531.41064453125,1546.8841143156353,2000,4100,1449.1327106441554,3800,1.7297972737630207,1.6032267415364583,1.0789473684210527,1622.941037750244,1900,4000,1482.8159641838074,3600,1.6876070963541667,1.51884638671875,1.1111111111111112,120,50000.0,2465
6961.T,True,1000,2687159.9609375,3312840.0390625,2687.1599609375,10,9256.794921875,3370.6502723693848,900,1900,3010.918529510498,1700,2.9313183919270833,2.6227585611979167,1.1176470588235294,4158.745567321777,700,1700,3293.1069753310258,1400,2.6227585611979167,2.1599188151041666,1.2142857142857144,120,50000.0,2465
4911.T,True,1300,5099005.9326171875,900994.0673828125,3922.312255859375,13,2251.444580078125,4447.8082932692305,200,1500,3992.378394180689,1300,0.5628611450195312,0.48781299235026043,1.1538461538461537,5036.5872451782225,100,1400,4001.903326525007,1100,0.5253370686848958,0.4127648396809896,1.2727272727272727,120,50000.0,2465
7383.T,False,3600,1313700.0,4686300.000000001,364.9166666666667,36,526.0,387.67857142857144,12000,15600,382.4258241758242,15400,1.3676,1.3500666666666667,1.0129870129870129,499.3775510204082,9300,12900,461.8535832937826,12000,1.1309,1.052,1.075,49,122448.97959183673,990
5032.T,False,800,2066938.2080078125,3933061.7919921866,2583.6727600097656,8,4781.47314453125,3077.616320158306,1200,2000,2880.0388960988894,1900,1.5938243815104167,1.514133162434896,1.0526315789473684,3427.7863074014354,1100,1900,3072.370076920732,1700,1.514133162434896,1.3547507242838541,1.1176470588235294,43,139534.88372093023,874
9310.T,True,3800,1581717.074584961,4418282.925415039,416.241335417095,38,1114.323974609375,461.7027130126953,9500,13300,448.7137479853809,12900,2.4700848103841144,2.3957965454101564,1.0310077519379843,523.3223817189535,8400,12200,489.9692689364074,11400,2.265792081705729,2.1172155517578126,1.0701754385964912,120,50000.0,2465
8084.T,True,1700,2015918.2739257812,3984081.7260742188,1185.8342787798713,17,3536.540771484375,1364.438480922154,2900,4600,1298.4325801304408,4300,2.7113479248046874,2.5345208862304687,1.069767441860465,1549.8126121520995,2500,4200,1402.488048644293,3800,2.4755785400390624,2.2398091552734374,1.105263157894737,120,50000.0,2465
3778.T,True,3700,2513574.6337890625,3486425.3662109375,679.3444956186655,37,2774.69873046875,800.6238327026367,4300,8000,744.5321393013,7400,3.6995983072916667,3.4221284342447915,1.0810810810810811,1420.093202082316,2400,6100,970.786609637151,4200,2.820943709309896,1.942289111328125,1.4523809523809523,120,50000.0,2465
4443.T,False,1900,2761298.8708496094,3238701.1291503864,1453.315195184005,19,1731.2406005859375,1589.8005453573692,2000,3900,1523.3076824523966,3700,1.1253063903808593,1.067598370361328,1.054054054054054,1717.2344858676572,1800,3700,1581.7083636247007,3400,1.067598370361328,0.9810363403320312,1.088235294117647,79,75949.3670886076,1597
2726.T,True,4100,1169393.6553955078,4830606.344604492,285.21796473061164,41,1986.552490234375,395.3224401281984,12200,16300,367.6274493840201,15100,5.396800931803385,4.9994904337565105,1.0794701986754967,619.6156242370605,7700,11800,503.42660695092155,9600,3.9068865641276043,3.178483984375,1.2291666666666667,120,50000.0,2465
7203.T,True,1900,2392304.510498047,3607695.489501953,1259.1076371042352,19,3306.762939453125,1402.108359200614,2500,4400,1340.3580473862685,4200,2.424959488932292,2.3147340576171875,1.0476190476190477,1649.0201362609864,2100,4000,1463.8116991615295,3600,2.204508626302083,1.984057763671875,1.111111111111111,120,50000.0,2465
