ticker,sigma,hurst,corr_bmk,mu,mdd,log_vol,n_days,full_10y
1443.T,0.45747812072793137,0.40392215707435264,0.3178883044775991,-0.032120410391959675,-0.6624619157032906,12.174288443961617,1961,False
4733.T,0.3463240538370579,0.37161086178235064,0.40794582866374446,0.1172521062641898,-0.4771048044740984,11.692395648086048,2465,True
3046.T,0.3670680353153615,0.47316321197615824,0.32764523017662905,0.03244867667683593,-0.6637137339137966,11.685386411869066,2465,True
4519.T,0.31217636915584474,0.431577465041922,0.47115405572653996,0.22618655537128007,-0.43147195050559256,14.757543110289951,2465,True
3994.T,0.575069369341999,0.465337047668069,0.3340122420264659,0.1485318474863122,-0.6947483588621444,13.269428115630896,2033,False
3445.T,0.5036025617529222,0.47959334250002256,0.4752703849601779,0.23473284144466477,-0.7921267405509952,11.906363609218529,2465,True
4194.T,0.4866715730425542,0.46356891876289613,0.3456932337277372,0.08167839298465873,-0.5032437442075997,12.4745237748913,1148,False
9603.T,0.40179807858912725,0.43994047519546253,0.3891789452732617,-0.10164791071866175,-0.7313308902238039,13.827551832834265,2465,True
3659.T,0.4208968913790921,0.47260558929440616,0.39504482075032066,0.15569934937259466,-0.5466944306339262,14.750573018045056,2465,True
4684.T,0.2707998293556117,0.4405723979319766,0.42130590245087124,0.16760930173887956,-0.2725031760757051,13.834034105246856,2465,True
7832.T,0.3107936127272997,0.4518501380430906,0.49818101559292055,0.2084480221548073,-0.33494305919910455,14.728358398687805,2465,True
7550.T,0.2911924124752337,0.48126636520505084,0.40753563044371144,0.2135534115809301,-0.4127478341975395,13.177294227774768,2465,True
9766.T,0.3369263933094919,0.46816288594088273,0.5324976830368874,0.2507533971123792,-0.5924156704435551,13.407818488243972,2465,True
7974.T,0.37134728783245835,0.4257051255994006,0.4392974652422437,0.2398521657387025,-0.43201722878015275,16.39112356029124,2465,True
6702.T,0.3215109828983043,0.42498044340705865,0.5739526322656264,0.24283878462660025,-0.42305741761288784,15.96320501829216,2465,True
4307.T,0.30332913145725193,0.4136296039880195,0.489788712601666,0.1825376281000488,-0.4205273036573322,14.25680365248387,2465,True
9843.T,0.28919143010742576,0.48630754090228157,0.29369494978823,0.041113759327338295,-0.4917235830559903,14.700379224190733,2465,True
3349.T,0.3022609635001205,0.47062126669498894,0.21143994567972807,0.06202737377159462,-0.45942935256094375,12.84512659225479,2465,True
2791.T,0.3303630164716023,0.4846886611139233,0.2947042024838045,0.031196704681563325,-0.603166712716002,10.479317340785846,2465,True
9627.T,0.3219143326397351,0.43456919059792054,0.3099805479348504,0.028374726837191888,-0.5379739651993727,11.92111644207865,2465,True
4478.T,0.6094347857010166,0.43833698729895515,0.352986224022045,0.01845328073247421,-0.8383529411764706,13.174814145728192,1475,False
464A.T,1.0194230211036428,0.5413196857647382,0.3228278149537456,0.5062102842283398,-0.8295454545454546,15.414156895308357,506,False
9158.T,0.6501800999697162,0.3831721333841004,0.33414363041308504,-0.49705859694463617,-0.8158695652173913,12.147270927746401,620,False
7699.T,0.4046279725376931,0.46934639432842784,0.21746467758643795,-0.12332163430752163,-0.6756944444444445,9.607005033754215,1104,False
4375.T,0.6024870603267667,0.5129377614161109,0.35045683884908124,-0.28369474734739086,-0.8704225352112676,12.545244436689162,1043,False
6574.T,0.743244001510683,0.5603498684458224,0.14639570437028876,0.24066146872427785,-0.8040885850187127,14.69039922275505,1895,False
2986.T,0.43398204222419406,0.40309092926177487,0.32569986339602414,0.6970471057701046,-0.41187731130201527,12.262834018780179,1346,False
5590.T,0.6159995402924778,0.39616813070520135,0.2845146339596701,-0.07707950387537132,-0.5425888665325285,11.70268251680904,554,False
6030.T,0.6246133597461926,0.466859772306733,0.3627014611500503,-0.02058443140896793,-0.8751643728612528,11.121627668903077,2465,True
2586.T,0.8640369114255526,0.44687946247786137,0.18293383101808422,-0.20624919604282677,-0.976594027441485,14.576588906779497,2465,True
6094.T,0.6207963884392407,0.42301809794606365,0.2941791199085093,-0.10125051505235005,-0.9060832443970117,11.647122130673441,2465,True
2998.T,0.7424998808566063,0.5531436662374797,0.2266614396709585,0.4227381437418749,-0.7041284313728287,13.429276018132889,900,False
6521.T,0.6216451533023901,0.3777850991662778,0.3544968049483875,-0.15967330100930732,-0.8369781312127237,12.39831916565474,1161,False
9162.T,0.5424360491086025,0.49574242098394933,0.2876652406164471,-0.49938189755335005,-0.8486666666666667,11.84044569075215,610,False
3652.T,0.6882702475644635,0.4440903957539443,0.347750485106349,0.009897910934997922,-0.9316374269005848,11.287651679786682,2465,True
4170.T,0.6548332952819292,0.44157708088906295,0.31071431089422713,-0.33530062787049497,-0.9470417873396773,13.072974353466371,1230,False
9348.T,0.7826509212590373,0.3115142433699278,0.28449522304466435,-0.31142097995327744,-0.8090569561157797,14.79712731950344,666,False
2160.T,0.7105407700891232,0.44845883925662616,0.3477126282224019,0.15625643471888795,-0.7472750316856781,14.07992357734703,2465,True
4582.T,0.6989975981543446,0.4769006620081961,0.28862087819754195,-0.21790388197809119,-0.9636813867106893,13.97938684032447,2465,True
7777.T,0.6581890781246144,0.40108354982180633,0.26164440254283305,-0.10198600651250944,-0.9125874125874126,13.90199956104886,2465,True
9166.T,0.6885968322909837,0.4324526468428651,0.3719655642667755,0.1451946684826977,-0.6115569989368768,14.968552306379946,594,False
7806.T,0.5400773741410102,0.5611929867789164,0.2726090752993014,-0.05450228151900016,-0.9357857607589408,11.994688027920091,1831,False
3479.T,0.5854108033364712,0.4917803836225877,0.3889202661153789,0.01088855715257031,-0.8383701188455008,12.648019562582043,2163,False
3491.T,0.6972821936742865,0.4367675937289388,0.32380882066246597,0.09503752997587078,-0.8384615329014798,12.773218130183638,1820,False
4575.T,0.7336341428933407,0.48671754316225563,0.25722453109817445,-0.007283875093689218,-0.8650662251655629,13.14974715801175,2465,True
4592.T,0.7653215038408206,0.4607345556911233,0.2521637543163733,0.05227735229267383,-0.9666951323654995,13.940220859467765,2465,True
3773.T,0.5005955279119091,0.4829948878920668,0.40945640740029376,0.05357183478205996,-0.8057184665621643,12.10399154499477,2465,True
7803.T,0.5430632119787847,0.4790839753324221,0.41113667894660433,0.021404235570930963,-0.7269459793612313,14.244207181745683,1570,False
4628.T,0.22645785460903942,0.451380234326891,0.12414226030742817,0.008105117938530304,-0.48702736015311326,7.816940093296007,2465,True
2782.T,0.3240059798333686,0.5072290760097891,0.13410387921543587,0.0399119243535333,-0.6826243631434527,12.368320443447518,2465,True
8871.T,0.29295373893215504,0.45012484817878234,0.4355120710637349,0.0837551514614312,-0.4725814750659127,11.35846639073832,2465,True
8928.T,0.20488159924352192,0.4119270040933,0.5164954887172867,0.09291648605797698,-0.376940138048462,9.402051950315238,2465,True
3437.T,0.2721760205596861,0.38793507652220294,0.13106219849183448,0.14194495403382956,-0.2754714551955206,7.300445421622996,2465,True
2790.T,0.2460212381192337,0.5725255614711621,0.34988177912054935,0.04257795294761424,-0.5499365488745921,10.15957949553097,2465,True
3944.T,0.24560598113475227,0.45080247538401125,0.2714735724194997,0.0651849540063214,-0.42289047495352095,6.838848610676136,2465,True
3690.T,0.49282045198806207,0.3871028471869239,0.29098411043361944,-0.1448971386492487,-0.8962040440345105,10.863846528699167,2465,True
2689.T,0.23387414414281008,0.4364783665206494,0.3545057087104524,0.09015665700337117,-0.43271632265208204,8.88621957376987,2465,True
4624.T,0.20466451014606693,0.4445564351138675,0.13316499723859668,0.048020715433558125,-0.31510043504369134,6.598473102671697,2465,True
3710.T,0.3923261259485021,0.45058400655937014,0.19002514490618977,-0.019268365677103882,-0.6891839319723891,10.232252169740503,2465,True
3951.T,0.1718366557681338,0.4123410906849329,0.24234534840712574,0.014284709228082448,-0.3768852467224827,8.832981525833079,2465,True
3958.T,0.2598802741344128,0.2747244202068868,0.3901016261426179,-0.03641563049257546,-0.3380404261600113,11.041325050750288,556,False
4623.T,0.12278773622861025,0.4687021887716545,0.18625286730008475,0.03483614749680575,-0.17585306432931266,7.8466201191886364,2465,True
3955.T,0.2850305788597647,0.433372858299832,0.1584154864327782,0.08908813102193158,-0.3857741266327463,9.963967360144785,2465,True
3067.T,0.21739007123721318,0.39053495810168654,0.3874731262322769,-0.028944093735783438,-0.4761465123530685,9.486667089972991,2465,True
3484.T,0.3958341540964746,0.34015125054102535,0.30517005456872304,0.05498645603193153,-0.519330725485851,11.13087283068821,2015,False
3020.T,0.3830170203246696,0.4805826791225568,0.31387609973113456,0.152049485286883,-0.6968023270343944,8.940545505960522,2465,True
3435.T,0.2519977430715272,0.48323368751631707,0.2855794828478127,0.04491290207625198,-0.42367869988453116,8.450434709678865,2465,True
3134.T,0.6389190653362978,0.4704101488417189,0.2881600350304774,0.074194387625937,-0.8174560544467023,12.467337640083299,2465,True
3943.T,0.19143467223949392,0.45178280093302003,0.1733484670551824,0.16936351397830784,-0.2238143935853742,8.669744592776174,943,False
3698.T,0.5346600229195403,0.4497192934164644,0.3480466176619527,-0.008500402485047687,-0.8583322387579186,11.143967129647352,2465,True
4635.T,0.2559475472021398,0.5401965857552559,0.31184838690518857,0.16972506617335759,-0.5793549493454655,9.829281135842722,2465,True
3096.T,0.15338042982023278,0.489087221640854,0.28856009243584224,0.0658423905197214,-0.3419143330041106,8.579355539762993,2465,True
3426.T,0.22452370914442316,0.32124506829833077,0.14279749650536447,0.05787067583104166,-0.29730712887165633,6.95546884721654,2465,True
3667.T,0.7082275074026243,0.5307773043916462,0.3081776337998256,-0.21261195656510656,-0.9850359712230216,13.786973036451778,2465,True
3080.T,0.3475269277833048,0.48705619178494075,0.22746551502562684,0.1173021137403043,-0.5164078425594154,9.779956754742473,2465,True
3011.T,0.33354267956172134,0.37126830042441294,0.25234429271169007,-0.016718005541281666,-0.6978112399004373,10.615040021764447,2465,True
8844.T,0.4035989691844457,0.48564940270692547,0.44424823640389394,0.12074055998331179,-0.6444939617554128,11.268231199000217,2465,True
2991.T,0.46814830417717523,0.36900658023879845,0.27913837328276203,0.24501652123619544,-0.4963017228492857,11.568322676024867,1088,False
8869.T,0.29200440743755546,0.4855545582763823,0.4924853302553383,0.13485180387425366,-0.5587042017908165,11.335703895304155,2465,True
8904.T,0.21556111237273198,0.44992602633227524,0.5111216572646683,0.00990915509698409,-0.5676705680825527,10.337322141207048,2465,True
2370.T,0.6626098877169742,0.43927557840659526,0.28515237022744305,-0.15046336694326667,-0.8841201716738197,14.861969150890111,2465,True
4588.T,0.7423411333180926,0.4767694386179221,0.24449002452461155,0.08294707696888026,-0.8936854190585534,13.42267857948318,2465,True
4013.T,0.48515192675222607,0.5900636811371909,0.31692073389493225,-0.1126394190987906,-0.886404610772706,11.540858578931758,1278,False
4893.T,0.7812029837415729,0.4356181898287761,0.28465802495548914,-0.49801371092929314,-0.8307692307692308,13.65969928738194,615,False
4881.T,0.6023305257790609,0.32657439697538543,0.2846289078034155,-0.37037537660869935,-0.9025641025641026,13.281560786895449,1227,False
3911.T,0.6264429722802219,0.42768203841118213,0.28516181708361577,-0.12025040125740816,-0.8333352578430645,14.026546926432209,2465,True
2385.T,0.5579546342880543,0.4883632143627307,0.2942575314714901,0.04250815310545075,-0.8901518203183865,12.9428014964209,2465,True
4892.T,0.6688734183308402,0.46422945833444035,0.20112734552442577,-0.3122906806405138,-0.8021680216802168,13.098762331272324,756,False
6999.T,0.3881520560224978,0.5312478868815251,0.5823045990353461,0.05777768266251582,-0.7252531474895756,12.32326711946726,2465,True
8388.T,0.289181420495146,0.3665092670682662,0.5903312363068968,0.047377178738705616,-0.5526686063442557,11.069304082266834,2465,True
6532.T,0.55885534036547,0.4560127416676393,0.34189017950961326,0.4955216498729438,-0.5775817627646246,14.475420651200618,2300,False
6460.T,0.3172428200755076,0.49333113598143846,0.46930058770100347,0.11091615607943073,-0.45636085044078956,14.008779332724748,2465,True
9519.T,0.6156379766505107,0.5646650107744092,0.2961601804760455,0.055390027173808365,-0.9205546492659054,14.302881439639993,2184,False
9601.T,0.27635003079123865,0.4390243784533532,0.465086819815564,0.007053806210995495,-0.5502875379772338,10.641273192233962,2465,True
8362.T,0.3109621450044922,0.4437661943667529,0.5636083492812715,0.03884868079396786,-0.6049868452869639,10.266274721913518,2465,True
6961.T,0.49620454596434027,0.5251399056765836,0.46334606402691286,0.10195746663042882,-0.7720950552710149,11.44087619607346,2465,True
4911.T,0.35046715043478405,0.4774101471368321,0.47340284254979487,0.0039052391996852176,-0.7479809171093869,14.630669614024892,2465,True
7383.T,0.6735527164898726,0.4950642887999629,0.39746178512892527,-0.2191377602899156,-0.90625,13.978611617486433,990,False
5032.T,0.6485192822303685,0.48229687430458174,0.2841534461446107,0.18724600994868723,-0.6936669055132226,14.2282302746824,874,False
9310.T,0.3540577430143344,0.3963768603162738,0.5093177603957844,0.12625786797386285,-0.4156069840789935,10.91637227926972,2465,True
8084.T,0.24049898434749473,0.38476786662170737,0.5990767950542595,0.12850812234056086,-0.3408269175202799,10.378898884172838,2465,True
3778.T,0.612318371452373,0.498158959190247,0.32015500680493575,0.12408805936534417,-0.8207466935010121,14.004241102218238,2465,True
4443.T,0.5628091209585593,0.46039837532920524,0.3130857805597365,0.03847867168781516,-0.7738764064238239,14.03789609983272,1597,False
2726.T,0.3583110732436644,0.4653203644550003,0.3119012030863231,0.2281825245664295,-0.41102909996295267,13.462223646770264,2465,True
7203.T,0.27794500317002935,0.432304751942453,0.7213991324893122,0.12385201697373027,-0.416741745086937,17.25448401309015,2465,True
