score_threshold,w_shortage,w_value,w_bb,w_trend,w_risk,value_band,risk_ratio,max_lots_per_trade,lot_size,all_A_mean,all_A_median,all_A_winrate,all_B_mean,all_B_median,all_B_winrate,full_A_mean,full_B_mean,is_A_mean,is_B_mean,oos_A_mean,oos_B_mean,combo_score
0.5396436235364812,0.4291,0.0529,0.0915,0.4265,-0.2,0.19451482876707726,0.910176146909003,2,100,1.1189535603368044,1.1041666666666667,0.9523809523809523,1.2955337938460756,1.2222222222222223,0.9904761904761905,1.1242760467377937,1.3071461751962343,1.063072880439139,1.1282667421519788,1.0718507878637618,1.1673016574587196,1.095402174100283
0.5432515593242366,0.4204,0.0948,0.0492,0.4356,-0.2,0.12530347499296834,1.055158217287418,2,100,1.1284542551598948,1.1111111111111112,0.9523809523809523,1.321850698196006,1.25,0.9904761904761905,1.1315897208131154,1.3248131572223216,1.0848948878690319,1.158981732748453,1.075242425590584,1.1736493079084351,1.1018483403752395
0.5952249715845683,0.4695,0.0517,0.0517,0.427,-0.1,0.24820307595863506,1.0906411049810378,1,100,1.1309039417022821,1.1111111111111112,0.9619047619047619,1.3136102604455693,1.2333333333333334,0.9904761904761905,1.1397766963721327,1.3198251389634645,1.0839087575014257,1.1520179670084543,1.0754580970325354,1.1663083268001315,1.1031810193674088
0.3654283125413476,0.6403,0.0694,0.0473,0.2431,-0.2,0.29410762847646976,1.2334729999288359,2,100,1.124425674807829,1.1162790697674418,0.9428571428571428,1.3210969416047722,1.2647058823529411,0.9809523809523809,1.1292984830540607,1.315328604818496,1.0879719172007059,1.1706667241896698,1.0781901740057582,1.18127998334134,1.1013079244067936
0.5782905274171725,0.4382,0.0498,0.0498,0.4621,-0.2,0.12109343884887129,1.0834791178532284,3,100,1.1336074477919365,1.1111111111111112,0.9809523809523809,1.319798113013215,1.2413793103448274,0.9904761904761905,1.1400593483960157,1.326261449946355,1.078321146998214,1.1497337505013498,1.0736342950100446,1.1671006481273685,1.1036208714009905
0.354094696028572,0.6662,0.0742,0.0495,0.2101,-0.2,0.2777343127529179,0.9979399483633812,3,100,1.1322826703247073,1.119047619047619,0.9809523809523809,1.3246956094389637,1.25,0.9904761904761905,1.1366966217225394,1.324035762701863,1.0941657308319537,1.170980938689034,1.0789469177170443,1.1768453628028153,1.1056147940208758
0.3994600223974453,0.6437,0.0932,0.0518,0.2112,-0.2,0.21239380544408779,1.2476932887431484,2,100,1.1328222491715867,1.1199999999999999,0.9714285714285714,1.322721789029017,1.25130890052356,0.9904761904761905,1.1386727215895958,1.3233839375045005,1.0946320435796875,1.172095864064853,1.0772742873971217,1.172888766670489,1.1050482682843543
0.4105925177647728,0.6857,0.0515,0.0515,0.2113,-0.2,0.18014818108594152,0.9477105641254777,1,100,1.1349665870623433,1.1150442477876108,0.9523809523809523,1.3186871573029304,1.2333333333333334,0.9904761904761905,1.1438215027010816,1.326048826309132,1.082797874126802,1.1526989653708732,1.0761474824556303,1.1721812758854102,1.105557034758987
0.5395234653758895,0.4372,0.0539,0.0841,0.4248,-0.2,0.17470758006298864,0.9743086416812723,1,100,1.1234122288189754,1.105263157894737,0.9523809523809523,1.306953522820608,1.2253521126760563,0.9904761904761905,1.1286948045370173,1.3156136184687826,1.072374377144198,1.1382065817288214,1.0704842039825107,1.1633365411471048,1.096948216400743
0.39525079315243844,0.6369,0.0518,0.1023,0.2089,-0.2,0.28426546217181964,1.2647802525438578,2,100,1.124168649922649,1.1153846153846154,0.9619047619047619,1.3125704447737712,1.25,0.9904761904761905,1.1276316888845912,1.3123882025356934,1.080486392659503,1.1569504840510259,1.0761241535393629,1.1697044200291877,1.1001464017310059
0.5397233301472825,0.4085,0.0526,0.09,0.4489,-0.2,0.1445016054853992,0.9126234341407742,1,100,1.107765997006439,1.090909090909091,0.8857142857142857,1.2951569373106326,1.2000000000000002,0.9809523809523809,1.1076656086345236,1.3002338706925776,1.0687798955451653,1.1369121452697712,1.0633558117252653,1.1633779137172726,1.085560904365852
0.3626909975518513,0.5955,0.0496,0.0985,0.2564,-0.2,0.2897302199754094,1.0760760600255384,2,100,1.1102121087313293,1.0930232558139534,0.9238095238095239,1.3096381497471494,1.25,0.9904761904761905,1.1079441451094476,1.3022517780630343,1.0815965890156696,1.1605639854223901,1.0697995547205401,1.1741613532550825,1.0900058317259347
0.3810323672900095,0.6274,0.0609,0.0888,0.223,-0.2,0.17774048382411775,1.0943652852121935,2,100,1.1266910616137247,1.1153846153846154,0.9428571428571428,1.3164860900125495,1.2460732984293192,0.9904761904761905,1.1318316240324764,1.3166247340150354,1.0874900109008496,1.1652279697352539,1.0763500072670802,1.1733161737011724,1.1015205344404024
0.5552898254064462,0.4829,0.0487,0.0487,0.4196,-0.1,0.20969778887054794,1.0691593915604285,3,100,1.1290872613455032,1.1153846153846154,0.9619047619047619,1.3200640291093373,1.25,0.9904761904761905,1.1328697077658205,1.317011836426221,1.0965616232004383,1.1733620369838862,1.0812973680491136,1.1783817283786207,1.1051923146973084
0.5187238944615342,0.4544,0.0493,0.0493,0.4469,-0.1,0.2988603898519577,1.0636615737407726,3,100,1.1221119417469347,1.1153846153846154,0.9619047619047619,1.3214574040346945,1.2647058823529411,0.9904761904761905,1.1257311468079212,1.3138607267800713,1.0908209799526034,1.178637848162327,1.0758955674593103,1.1809468997729229,1.0990037546031224
0.3653612899060635,0.5972,0.0821,0.0851,0.2356,-0.2,0.2600840407945081,0.9239345111729789,3,100,1.130611742718479,1.1162790697674418,0.9523809523809523,1.3202335964975787,1.2408376963350785,0.9904761904761905,1.1367635173689834,1.324956761154357,1.0873353421065264,1.1641272935042013,1.0765093991694201,1.1745738265241545,1.1035605709439495
0.3740248948279642,0.6903,0.0498,0.0498,0.2101,-0.2,0.22739061686060452,1.2065619998995458,2,100,1.1290200810515822,1.1153846153846154,0.9714285714285714,1.322004238238736,1.2564532349983237,0.9904761904761905,1.1330454235865186,1.3164883524522248,1.0900527449385962,1.1709816914421582,1.0801179971436325,1.1802363012156145,1.1045690390976075
0.3622757932411486,0.6472,0.048,0.0899,0.215,-0.2,0.1831112672124906,0.9306568633248988,1,100,1.130823564805953,1.1162790697674418,0.9523809523809523,1.319177446510493,1.2413793103448274,0.9904761904761905,1.1372284987489842,1.3241988489162777,1.086161825543349,1.163638847496519,1.0774488303774112,1.1746144986298805,1.1041361975916821
0.5456403857901846,0.443,0.0879,0.0637,0.4054,-0.2,0.1386341457223182,0.9723198059145325,2,100,1.1288256159370755,1.107843137254902,0.9714285714285714,1.308999325121365,1.2333333333333334,0.9904761904761905,1.1381287625914984,1.320852879807435,1.0715303378631704,1.1343078373530948,1.0718675129954085,1.1661858365573952,1.100346564466242
0.35137773552940504,0.6699,0.0506,0.066,0.2135,-0.2,0.22482942478852927,1.2913094645988106,1,100,1.1250736381625568,1.1162790697674418,0.9714285714285714,1.322951067170768,1.2758620689655171,0.9904761904761905,1.128100144200966,1.3143152650125158,1.0887724324151349,1.1709480328689637,1.0798661291236022,1.1803668327124002,1.1024698836430795
0.5659995718801152,0.4382,0.0671,0.0888,0.4058,-0.1,0.2302480281137928,1.0895071199331985,3,100,1.1210477785606312,1.107142857142857,0.9428571428571428,1.3049421298641546,1.2352941176470589,0.9904761904761905,1.129541401960616,1.3113317792604147,1.0780534533137744,1.1515220129203705,1.0727527100968024,1.1658398379839685,1.0969002443287168
0.5958707525971935,0.4237,0.0478,0.0511,0.4774,-0.2,0.10403992288421632,1.0411594007258977,2,100,1.1286087253055779,1.1153846153846154,0.9619047619047619,1.3104836337112373,1.2253521126760563,0.9904761904761905,1.1355519342074967,1.320270511395294,1.0754152397130983,1.140903587706326,1.0711406223289184,1.1656604120560587,1.099874673817248
0.5711917810588579,0.4563,0.0813,0.049,0.4134,-0.2,0.15635232369695373,0.9991210156402286,2,100,1.1277230045470723,1.1081081081081081,0.9714285714285714,1.3003518850457583,1.2105263157894737,0.9904761904761905,1.137047283600261,1.311974108171678,1.0689234774201968,1.1293213090012526,1.0719970214411563,1.1608662304005566,1.0998600129941143
0.38898894688726093,0.6402,0.0467,0.0467,0.2665,-0.2,0.2530723291060234,1.3953054132830292,1,100,1.122126876779755,1.1153846153846154,0.9619047619047619,1.3189024593781207,1.254335260115607,0.9904761904761905,1.1257372907551364,1.310974094299547,1.0881465514224336,1.17057010411933,1.0781901156647482,1.178472545093972,1.1001584962222517
0.37325699405288737,0.6471,0.0516,0.0516,0.2496,-0.2,0.1367511810115128,0.9732784899652495,2,100,1.1310937161018908,1.119047619047619,0.9523809523809523,1.3241703495328032,1.25,0.9904761904761905,1.135803358702478,1.3220827855682247,1.0943382740781027,1.1724338921628024,1.079926148559158,1.1786566984407063,1.1055099323305244
0.5066079210919395,0.4406,0.0487,0.055,0.4557,-0.1,0.20010674650227472,0.9424554277681486,2,100,1.0943845923834608,1.0789473684210527,0.8666666666666667,1.3023042199281398,1.2369942196531791,0.9904761904761905,1.089370667110756,1.2897541076405654,1.0843289152872535,1.1743982650557971,1.0642319545618832,1.1717563006065268,1.079308273472672
0.5369984367847198,0.4315,0.0928,0.0574,0.4183,-0.1,0.24176192926540457,0.9236798166357337,2,100,1.1270632894845338,1.1111111111111112,0.9619047619047619,1.3163767878909298,1.25,0.9904761904761905,1.1328204077430188,1.317065868192862,1.0911079006132305,1.1689368668150686,1.0776016257807575,1.1783113480092153,1.1023324576326456
0.5819808858238025,0.4307,0.0466,0.0795,0.4432,-0.1,0.2526060526886021,1.0993354423038306,1,100,1.1229926787971354,1.1111111111111112,0.9714285714285714,1.3083309403801477,1.2413793103448274,0.9904761904761905,1.1294725798332312,1.311438711557577,1.0841629918851157,1.1589821732194199,1.0761078423697696,1.169903239075606,1.0995502605834524
0.5552162703304427,0.4457,0.0498,0.0498,0.4548,-0.2,0.1836613041032693,0.9217314206524525,1,100,1.1297630717502598,1.1111111111111112,0.9619047619047619,1.3132266723284052,1.2333333333333334,0.9904761904761905,1.1374512987211753,1.3245814217205818,1.0737278383421291,1.1424038412680046,1.0752130192456149,1.168299465699104,1.1024880454979373
0.43930524847532526,0.6289,0.0488,0.0488,0.2735,-0.2,0.20110166673842284,1.2357208351394235,2,100,1.1320629710800068,1.119047619047619,0.9714285714285714,1.3227423422870856,1.25130890052356,0.9904761904761905,1.1369029356407816,1.3213652777426481,1.0937560366362997,1.1672757020376252,1.0790997334917312,1.1732061591780332,1.1055813522858688
0.4126952340432269,0.6572,0.0525,0.0525,0.2377,-0.2,0.2388153834578065,1.2690766786338985,2,100,1.129208403147235,1.1153846153846154,0.9619047619047619,1.319464530757754,1.2612732095490717,0.9904761904761905,1.1344010154663002,1.3187569160607604,1.0931012876013586,1.1683236426859862,1.079366994383433,1.174396422350898,1.1042876987653338
0.3680926652230868,0.6819,0.0505,0.0505,0.2171,-0.2,0.2907103622156215,0.9089298177948557,1,100,1.137348633621845,1.1162790697674418,0.9714285714285714,1.326186299605262,1.25,0.9904761904761905,1.1442885369736182,1.3319447762100896,1.089969168419899,1.1643644110369433,1.0789382566153176,1.1780713633677942,1.1081434451185812
0.38279238835307045,0.6497,0.0525,0.0525,0.2454,-0.2,0.20897312777412513,1.2050409894252325,1,100,1.1283205626377435,1.119047619047619,0.9619047619047619,1.3225047815198212,1.2692307692307692,0.9904761904761905,1.133063825356374,1.317456028002475,1.086873163202205,1.169579548774626,1.0803120500629166,1.1787219581690624,1.10431630635033
0.5959332347635609,0.4491,0.0503,0.0503,0.4504,-0.1,0.2652519200752663,0.9991013113257237,3,100,1.1313399304776164,1.1111111111111112,0.9619047619047619,1.3144765948684354,1.2352941176470589,0.9904761904761905,1.1391856391783486,1.319892596473011,1.0829636354025192,1.1551624992877674,1.0735331101711232,1.1693222483218138,1.1024365203243698
0.4492375564055837,0.6688,0.0482,0.0482,0.2348,-0.2,0.1891677266254914,1.04972160389139,1,100,1.132044665034182,1.1111111111111112,0.9619047619047619,1.3140646535378304,1.219895287958115,0.9904761904761905,1.140813689278605,1.3222987467828926,1.0798982196370304,1.1435493561693255,1.0713579171724137,1.164994444097515,1.1017012911032977
0.539006259015653,0.4731,0.0489,0.0757,0.4023,-0.1,0.2998609515011916,0.938518164646182,3,100,1.127950621376644,1.1111111111111112,0.9619047619047619,1.315507007499792,1.2413793103448274,0.9904761904761905,1.1352393452914655,1.3192197865369024,1.0840280222814163,1.161098224367516,1.077357405705985,1.1718326980199751,1.1026540135413145
0.42766484358887163,0.6158,0.0512,0.0659,0.2671,-0.2,0.2810519715659798,1.3423411641838776,3,100,1.1242312847232157,1.1136363636363635,0.9714285714285714,1.3144804263485146,1.2506631299734747,0.9904761904761905,1.1285013519634846,1.310058275740801,1.0879101179043953,1.1642388533446677,1.078017697904721,1.1718107744061386,1.1011244913139682
0.5721836332233614,0.4196,0.0464,0.0738,0.4602,-0.2,0.1917859996625734,1.0968370529895999,2,100,1.126369104171325,1.1081081081081081,0.9523809523809523,1.3110473516179098,1.2333333333333334,0.9904761904761905,1.1324443325028264,1.3172266387601193,1.0725558406217073,1.1425567184557102,1.0709707328865572,1.164301423599947,1.098669918528941
0.5228645602662115,0.4286,0.0648,0.0667,0.4399,-0.2,0.17219067795126763,0.9337746083225429,1,100,1.124770774002893,1.1060606060606062,0.9238095238095239,1.3160979003805349,1.2253521126760563,0.9904761904761905,1.1291695649540439,1.3224029963762618,1.0786716568644963,1.1546728803525008,1.070087526012885,1.1675043968105432,1.097429150007889
0.5992042005528055,0.4381,0.0482,0.066,0.4477,-0.1,0.2999421909224188,1.0032918805271283,1,100,1.1279609282851255,1.1111111111111112,0.9428571428571428,1.3112529241293107,1.2333333333333334,0.9904761904761905,1.1365866342589157,1.3197355360154401,1.079796204062712,1.1469622227064515,1.073430088369219,1.1626056949182457,1.1006955083271723
0.3536059834277364,0.653,0.0509,0.0599,0.2361,-0.2,0.24184000441568604,0.9948265350180341,1,100,1.1312459133670083,1.1188118811881187,0.9619047619047619,1.323587311124396,1.2564102564102564,0.9904761904761905,1.1363586562550139,1.3211459865650232,1.0938460194873634,1.1728481795094765,1.0781117467177856,1.179709767030108,1.1046788300423969
0.5026577764997292,0.4285,0.0517,0.0778,0.442,-0.1,0.20494591371460158,1.020311690491203,2,100,1.0832227567592163,1.0681818181818183,0.8095238095238095,1.2962327386367092,1.2352941176470589,0.9809523809523809,1.0754380499825078,1.281242132810288,1.07988359429345,1.1692284764597118,1.0581113034651588,1.167547805672594,1.0706670301121877
0.3981591589206044,0.6376,0.0712,0.0483,0.2429,-0.2,0.29216849842375703,1.2987013160872682,2,100,1.1258338529910898,1.1162790697674418,0.9523809523809523,1.318429844352583,1.2617801047120418,0.9904761904761905,1.129694426136395,1.3123627006201084,1.0943644151698704,1.1737237039823967,1.0811282562098374,1.1768831307521932,1.1034810546004636
0.5536487923752251,0.4253,0.0498,0.0772,0.4478,-0.1,0.29654159534817354,1.0927159824444308,2,100,1.121316569250567,1.1047619047619048,0.9428571428571428,1.3135068374750967,1.25,0.9809523809523809,1.1260752092680695,1.310649974575468,1.0856471448718668,1.1657704299188059,1.0736520242870637,1.1744672147466042,1.0974842967688154
0.5945519891021906,0.4809,0.0583,0.0653,0.3955,-0.1,0.23924847342649438,1.0847800801090859,3,100,1.128733412450388,1.105263157894737,0.9428571428571428,1.305294776213164,1.217948717948718,0.9904761904761905,1.1390598676257255,1.3176760474046443,1.0770192039032187,1.141640994614625,1.0712584817981234,1.1609534385718898,1.0999959471242557
0.4120149286628296,0.6589,0.0548,0.0548,0.2314,-0.2,0.2241638908739086,1.0138424100861354,1,100,1.1358732817271397,1.1162790697674418,0.9523809523809523,1.3225723705425745,1.2413793103448274,0.9904761904761905,1.1444652482014388,1.330204877489887,1.088853771337532,1.1605180500781702,1.0759902727678146,1.1708408529448622,1.105931777247477
0.446321122354938,0.5963,0.0701,0.0832,0.2505,-0.2,0.2782005170738177,1.0733602876523853,1,100,1.1285768168195416,1.1111111111111112,0.9619047619047619,1.3104269363984618,1.2249999999999999,0.9904761904761905,1.13561459555814,1.3197673098769565,1.0754800304216658,1.137848216579181,1.0727707417250165,1.1665192796963255,1.1006737792722792
0.5289320136102335,0.4425,0.0494,0.0494,0.4587,-0.1,0.22578084097023543,1.017192274819211,3,100,1.1194972556665017,1.1111111111111112,0.9619047619047619,1.3190202690212491,1.25,0.9904761904761905,1.1234845629216872,1.3111805674946433,1.0893581863166166,1.1776175974419578,1.078398237383014,1.1833800342133969,1.098947746524758
0.3593270905324327,0.619,0.0447,0.0888,0.2475,-0.2,0.2656229648105001,1.206835882185652,3,100,1.1188126040379018,1.1111111111111112,0.9428571428571428,1.3179975816387661,1.25130890052356,0.9809523809523809,1.122243845908436,1.3114147961861564,1.0835338649963075,1.167508292229708,1.0772561411665706,1.1812297523880275,1.0980343726022364
0.44296321877242245,0.647,0.0921,0.0499,0.211,-0.2,0.2947493045044785,1.2629434894930727,3,100,1.1325176096037215,1.1153846153846154,0.9523809523809523,1.3162816488078413,1.2333333333333334,0.9904761904761905,1.140985732240958,1.3228959045528061,1.0851385648267915,1.1522983783491654,1.0736146470794259,1.161355773045429,1.1030661283415737
0.3864192017772054,0.617,0.0875,0.0743,0.2212,-0.2,0.13144399802042628,0.9315223297249999,3,100,1.1309903362237654,1.1111111111111112,0.9619047619047619,1.3212142393626114,1.2413793103448274,0.9904761904761905,1.1369563381289467,1.3261748000006863,1.0922650643997982,1.1658244286950254,1.0770863118195255,1.1764724730384917,1.1040383240216456
0.5653539825693644,0.4615,0.0478,0.0948,0.3959,-0.1,0.24487295072012505,0.9785836353394148,1,100,1.1212106377148676,1.1025641025641026,0.9428571428571428,1.3040941288732548,1.2222222222222223,0.9904761904761905,1.1297757447508194,1.315246298505749,1.0731607533232268,1.1417481644617096,1.0707587512194425,1.1641428952441786,1.095984694467155
0.5085982350110946,0.44,0.0521,0.0784,0.4295,-0.1,0.21762913650221302,0.9350693022907843,2,100,1.0990485375953056,1.0843023255813955,0.8666666666666667,1.3004015039789272,1.2352941176470589,0.9904761904761905,1.0957589107187804,1.289154636462345,1.0859384291277596,1.1688455072699033,1.0659355035923614,1.1726665115006987,1.0824920205938335
0.4259643052306395,0.6509,0.0491,0.063,0.2369,-0.2,0.2230679125327858,1.381158370582852,3,100,1.126551140078332,1.1162790697674418,0.9619047619047619,1.315255718230283,1.2545454545454546,0.9904761904761905,1.1326572655950151,1.3121214902608376,1.0919863549968538,1.1682227030572852,1.0751593363941092,1.170980051910737,1.1008552382362207
0.43794117334876853,0.6531,0.0506,0.0506,0.2456,-0.2,0.2270340970527639,1.3787486257432544,3,100,1.1287475200935475,1.1199999999999999,0.9619047619047619,1.318809659566659,1.2564102564102564,0.9904761904761905,1.1347973230585384,1.3173931966696575,1.0922771736834185,1.1660255079579274,1.074625487414132,1.171476986650685,1.10168650375384
0.40978560332062036,0.6465,0.0596,0.0762,0.2177,-0.2,0.2815901215463094,1.2135054628836106,2,100,1.1287558172715006,1.1153846153846154,0.9523809523809523,1.3169688184154806,1.2480106100795756,0.9904761904761905,1.1352036513241315,1.3200782611722013,1.0844924114924186,1.1540696760222935,1.0776061128458394,1.173005864038885,1.10318096505867
0.4037172648326819,0.6712,0.0488,0.0488,0.2312,-0.2,0.22968684855074142,1.2121261484378811,2,100,1.1324663136086144,1.119047619047619,0.9714285714285714,1.324033720440499,1.256544502617801,0.9904761904761905,1.136687100136163,1.3211953459434196,1.0935641317829272,1.170386043389774,1.0798856838132624,1.174191259982179,1.1061759987109383
0.5117843900905832,0.4475,0.0774,0.0707,0.4044,-0.2,0.12383385293620601,1.0005749873960705,3,100,1.122771252864918,1.1041666666666667,0.9333333333333333,1.315894722084696,1.2333333333333334,0.9904761904761905,1.126123113009339,1.3188782508059,1.0824502554487854,1.1569179780619547,1.072849600450832,1.1704901747198744,1.0978104266578752
0.3512302685888603,0.6375,0.048,0.0565,0.258,-0.2,0.14543179618417465,1.0650799022392643,2,100,1.120082270818122,1.1111111111111112,0.9428571428571428,1.3197014653979071,1.25,0.9809523809523809,1.1238512057036083,1.3145177701936506,1.0883903119684848,1.1732339451208655,1.0761608851017148,1.1822238891394266,1.0981215779599185
0.3604151493802872,0.6613,0.0721,0.0502,0.2165,-0.2,0.2999765336914344,1.2910704242886974,1,100,1.1249880559440413,1.1162790697674418,0.9809523809523809,1.3199057092149413,1.2666666666666666,0.9904761904761905,1.1287441703765408,1.3129218882384774,1.0878018986316276,1.170537416244518,1.077822687574795,1.1801414640683368,1.101405371759418
0.581212296118706,0.4425,0.091,0.0474,0.4191,-0.2,0.15057623147427412,1.0473146186231466,2,100,1.1266335370840106,1.105263157894737,0.9714285714285714,1.2996123244247428,1.2222222222222223,0.9904761904761905,1.136012411037376,1.311007829245713,1.06884541840733,1.1306074567751279,1.0724627388873704,1.1615449178799593,1.0995481379856904
0.5478404926086679,0.461,0.0686,0.0484,0.422,-0.2,0.11474259534855857,0.9546859404253345,3,100,1.1312185779946975,1.1111111111111112,0.9714285714285714,1.317464103279305,1.2333333333333334,0.9904761904761905,1.1383366300763313,1.3259977117086248,1.0830932207639645,1.1509400904356513,1.07221826280014,1.1663321031013743,1.1017184203974186
0.4143865120080665,0.6095,0.0497,0.0497,0.2911,-0.2,0.182276161327083,0.9886828397654662,3,100,1.1322218845788266,1.1199999999999999,0.9809523809523809,1.3244492623947397,1.25,0.9904761904761905,1.1360690201214525,1.3236377192264486,1.0896501794868299,1.1653613591253833,1.077571216641161,1.175361108951246,1.1048965506099937
0.5943798368103712,0.4538,0.0532,0.0532,0.4398,-0.2,0.14020477981570695,0.9449378949091748,2,100,1.123066434759336,1.1038961038961037,0.9619047619047619,1.2876530085642233,1.2,0.9904761904761905,1.1327468276728214,1.3034819287135881,1.0593120771193927,1.1166739077626386,1.0690523143016333,1.1533853113503603,1.0960593745304847
0.3653613395192059,0.6238,0.0935,0.0508,0.232,-0.2,0.11154900636653549,0.904229603267288,1,100,1.1302395284346332,1.119047619047619,0.9523809523809523,1.3229774007568478,1.2460732984293192,0.9904761904761905,1.134733224374452,1.3212276531547735,1.0954248153698702,1.1740101041694169,1.0791347320271776,1.1809007550314807,1.1046871302309054
0.4358982860557714,0.6268,0.098,0.051,0.2242,-0.2,0.2912582744141931,0.9424294815046603,3,100,1.1308879174081825,1.1111111111111112,0.9428571428571428,1.305563937973607,1.2112676056338028,0.9904761904761905,1.142726733847349,1.32097547656259,1.0718135473611243,1.1365209158213612,1.0764193328286422,1.1624822064092553,1.1036536251184124
0.4409064814422949,0.628,0.0896,0.05,0.2324,-0.2,0.2529542055285072,1.0484635898835952,1,100,1.131210095803434,1.1111111111111112,0.9523809523809523,1.3132612162926518,1.2253521126760563,0.9904761904761905,1.139694086518649,1.323642290857123,1.078868391269496,1.144294653018501,1.0741306683383183,1.1669215759045921,1.102670382070876
0.4131664399122065,0.616,0.0549,0.0495,0.2797,-0.2,0.1758087740085374,0.9709051936259737,1,100,1.133153074260005,1.119047619047619,0.9523809523809523,1.323672710405298,1.2460732984293192,0.9904761904761905,1.1373605180822044,1.3257028556126293,1.0899497518725105,1.1668472523612177,1.0782227955571726,1.174394683631192,1.1056879349085889
0.41109875470366286,0.6415,0.0523,0.0523,0.2539,-0.2,0.2634629117418263,0.982362179317114,1,100,1.1365758050193076,1.119047619047619,0.9523809523809523,1.324666841498749,1.2413793103448274,0.9904761904761905,1.1438966403942337,1.3322390113269964,1.0904930782917048,1.164824165747501,1.0776699144513733,1.1744819693101274,1.1071228597353404
0.41832583576588134,0.6427,0.0513,0.0513,0.2546,-0.2,0.22282528754634207,0.9661471484109734,1,100,1.1362121739957949,1.1162790697674418,0.9428571428571428,1.3251062845488542,1.2356020942408377,0.9904761904761905,1.1440280557669236,1.3341474935772817,1.0892096679728338,1.158664522098212,1.0769668050622072,1.1749117030066527,1.106589489529001
0.5557001781881451,0.4202,0.0597,0.0924,0.4277,-0.2,0.1296299630453485,0.9339599947545415,2,100,1.117619386722899,1.0961538461538463,0.9619047619047619,1.2912691790964261,1.2142857142857144,0.9904761904761905,1.1230492391981808,1.303033315583228,1.060897008775018,1.12310120138825,1.070822179023074,1.1629487539885563,1.0942207828729864
0.4134718320000591,0.6352,0.0476,0.0538,0.2634,-0.2,0.15535794006579956,1.0118414321490827,3,100,1.1334371949579731,1.119047619047619,0.9619047619047619,1.3236876869648222,1.25,0.9904761904761905,1.1388517842543198,1.325685517916195,1.0888860000826324,1.1651991565614985,1.0791309973961578,1.1761995724173835,1.1062840961770655
0.40841621491832963,0.615,0.0527,0.0501,0.2822,-0.2,0.22634493143569057,1.3859197944014343,3,100,1.1225064068828097,1.1153846153846154,0.9809523809523809,1.3201268867956109,1.267857142857143,0.9904761904761905,1.12628426980871,1.3125983248757818,1.0891850074095741,1.1730079449996471,1.0772533045354922,1.177392947232918,1.099879855709151
0.4139027210264674,0.5934,0.0896,0.0893,0.2278,-0.2,0.2859970543701606,1.386586691690701,1,100,1.1208708048757265,1.1111111111111112,0.9428571428571428,1.3106521379622915,1.25,0.9904761904761905,1.1262534053703948,1.3100627414472699,1.0803471092876198,1.1548926144044038,1.0774298110312996,1.1706222894840945,1.0991503079535132
0.3541614173861893,0.6487,0.064,0.0493,0.238,-0.2,0.1493990819244519,0.9659722424665571,2,100,1.1316198295834305,1.1162790697674418,0.9714285714285714,1.3248821445730878,1.2564102564102564,0.9904761904761905,1.1357478145818296,1.321633171597982,1.096995478506647,1.1759509421675782,1.0811640229076638,1.1792008532277274,1.1063919262455473
0.393132702014645,0.6424,0.0544,0.0535,0.2497,-0.2,0.27805811375265843,1.0682407412429913,3,100,1.131474682817942,1.119047619047619,0.9809523809523809,1.322228521735058,1.2535211267605633,0.9904761904761905,1.1353803025488138,1.3221619701910172,1.0933948700508092,1.1712918310646248,1.0782050465270225,1.1752425605914196,1.1048398646724822
0.5874334256334813,0.4594,0.0803,0.0479,0.4124,-0.2,0.10239703555279553,1.0040914887534456,2,100,1.1259595699331737,1.107843137254902,0.9714285714285714,1.2960908480230482,1.2000000000000002,0.9904761904761905,1.135638685295296,1.3079242506445368,1.0685199553348006,1.1279910819250027,1.0701810334764192,1.158478571831646,1.0980703017047966
0.5125807018312286,0.4607,0.0496,0.0496,0.4402,-0.1,0.20917236790590066,1.0334979846293515,1,100,1.1203616359037878,1.1111111111111112,0.9523809523809523,1.3198809886122835,1.2580645161290323,0.9904761904761905,1.1234627710129357,1.3133046152207757,1.0904709820765324,1.1782909064715368,1.0755034621492843,1.1795494624490073,1.097932549026536
0.5096095232971882,0.4173,0.083,0.0465,0.4533,-0.1,0.2153525522054614,1.006768002654792,3,100,1.095488077284181,1.077922077922078,0.8761904761904762,1.3065280754607047,1.2413793103448274,0.9904761904761905,1.0906306466992983,1.2936894003203185,1.0872543555197056,1.1753095028592735,1.065872844682819,1.1733022271417588,1.0806804609835
0.44697715788310105,0.6471,0.0493,0.0812,0.2224,-0.2,0.2784722020851351,1.3935186051994946,2,100,1.1259310924349804,1.1111111111111112,0.9619047619047619,1.3101438922465087,1.2408376963350785,0.9904761904761905,1.1330072977443577,1.3136671845453831,1.0840309221136195,1.1535790268789188,1.0701223334714318,1.1611260519675635,1.0980267129532062
0.5461099430154908,0.4167,0.0875,0.0474,0.4484,-0.1,0.26599513011292786,1.0199390713431982,1,100,1.1239222654790322,1.1111111111111112,0.9428571428571428,1.3173055771783475,1.256544502617801,0.9809523809523809,1.1282527704024725,1.313338683834723,1.0950913448300599,1.1735766794081577,1.0819505870462405,1.1805888879016795,1.1029364262626364
0.5255106931027381,0.4203,0.0649,0.0882,0.4266,-0.1,0.2625478156913936,0.9640982323356032,1,100,1.1103793809094935,1.0930232558139534,0.9428571428571428,1.305634708429122,1.2413793103448274,0.9809523809523809,1.1105212955661008,1.2999334555597772,1.0820924860767418,1.1615885175055225,1.0706310718941394,1.1735246285830192,1.0905052264018165
0.5272804330145836,0.4411,0.0502,0.0755,0.4332,-0.2,0.1130890330850495,0.9877643403603897,3,100,1.1180304929556109,1.1025641025641026,0.9238095238095239,1.3118132311297832,1.2333333333333334,0.9809523809523809,1.1184482287491337,1.3132325876098598,1.0776441416991387,1.1509769916968478,1.065256815274035,1.1674081295668408,1.091643654114823
0.5446072892920226,0.4318,0.0492,0.0492,0.4699,-0.2,0.19306844885446206,1.0224442017187905,1,100,1.128896945989846,1.1153846153846154,0.9523809523809523,1.3218368875001945,1.2394366197183098,0.9904761904761905,1.13535147742427,1.3283329916773923,1.082883661020834,1.1565690239503996,1.0733838889281195,1.1715793718856844,1.1011404174589827
0.4198120783978637,0.5737,0.0759,0.0879,0.2626,-0.2,0.18379802186553829,0.9080302599094132,3,100,1.1304790437008039,1.1111111111111112,0.9619047619047619,1.3171063727019803,1.2333333333333334,0.9904761904761905,1.1388342524794874,1.3281329261600787,1.0793212058692185,1.1491059113702058,1.0739082699509739,1.172600589321652,1.102193656825889
0.4242906309858082,0.6507,0.0508,0.0508,0.2478,-0.2,0.22370620769846633,1.3659499820249823,2,100,1.1279487054057529,1.119047619047619,0.9809523809523809,1.3160258652236598,1.2545454545454546,0.9904761904761905,1.132870997541286,1.3118556501402874,1.0925252848621811,1.1726486335316653,1.0782917032000976,1.1731788762820976,1.1031202043029253
0.3524823131798573,0.6751,0.0509,0.0509,0.2231,-0.2,0.29274604585040265,0.9896414656513743,2,100,1.1322717515411247,1.1188118811881187,0.9809523809523809,1.3240160904905116,1.25,0.9904761904761905,1.1376784859135074,1.323599561452841,1.0896972779565997,1.1682150669536473,1.0790239762942446,1.1782116169284838,1.1056478639176848
0.35296072891286134,0.6501,0.0474,0.0488,0.2538,-0.2,0.2401355557553388,1.0791269762767395,2,100,1.126125158731575,1.1162790697674418,0.9619047619047619,1.3218116240677533,1.2617801047120418,0.9904761904761905,1.1293328649240617,1.3145543087130689,1.092834662280949,1.1741953714592128,1.0787981725257998,1.1822223617708532,1.1024616656286874
0.5412374914297226,0.4539,0.0489,0.0966,0.4006,-0.2,0.18755390445272363,0.9568102621053031,2,100,1.119583110001633,1.1025641025641026,0.9619047619047619,1.291399849377862,1.2000000000000002,0.9904761904761905,1.1280014127129634,1.3053034668529127,1.0612450892524126,1.125140441365532,1.0736921863648907,1.1639752801326215,1.0966376481832618
0.35486984723138515,0.652,0.0775,0.0471,0.2234,-0.2,0.2109282291114558,1.0350611257334967,3,100,1.1327092693846226,1.1188118811881187,0.9809523809523809,1.3258404679025868,1.2617801047120418,0.9904761904761905,1.1373767841330344,1.3242985569964034,1.0965895925656957,1.1755043156475764,1.0775962786060562,1.1805836725911634,1.1051527739953393
0.3542551817646777,0.6457,0.0529,0.0638,0.2376,-0.2,0.22235903208760469,1.2909788803465279,1,100,1.1230233969189414,1.1153846153846154,0.9523809523809523,1.3230957108093928,1.2647058823529411,0.9904761904761905,1.1253847811192057,1.313974796658766,1.0863641218780729,1.1701184508902682,1.0759811928721408,1.180039968784306,1.099502294895541
0.5846007561307909,0.4657,0.047,0.047,0.4402,-0.1,0.20402537399399237,0.9899265376845361,2,100,1.1317562801833323,1.1111111111111112,0.9523809523809523,1.3142335747774447,1.2356020942408377,0.9904761904761905,1.1382384107321608,1.3173939245714226,1.088449386698042,1.1649458273255284,1.0767217689279334,1.1721662777737185,1.1042390245556328
0.4405902218817779,0.6215,0.0447,0.0682,0.2655,-0.2,0.2970710161196213,1.3100647011395279,3,100,1.1273802836648463,1.1153846153846154,0.9619047619047619,1.314965184729842,1.25,0.9904761904761905,1.1323535801369167,1.3131199027523426,1.0866695150438401,1.1639232882321657,1.0776009187901974,1.1712164573592223,1.102490601227522
0.37759238420408137,0.6565,0.0582,0.0827,0.2026,-0.2,0.24141775215926706,1.2084915905656197,3,100,1.1274977459069138,1.1188118811881187,0.9714285714285714,1.3175672590993877,1.25130890052356,0.9904761904761905,1.1327177153997336,1.3161324882685062,1.0912217424015054,1.1657889800418473,1.079269817195857,1.1749310918473304,1.1033837815513854
0.532926245959777,0.4257,0.0851,0.0857,0.4035,-0.1,0.2451046500185255,1.0135868460856985,2,100,1.1197049932009024,1.1076923076923078,0.9523809523809523,1.307893302714931,1.2435897435897434,0.9809523809523809,1.126370488619261,1.3087096779654648,1.0796571556151748,1.155313165197085,1.0760517837095525,1.1725443251071281,1.0978783884552274
0.4020672402471538,0.6636,0.0505,0.0505,0.2354,-0.2,0.14389114603050468,0.9043224159760661,3,100,1.1348189179262882,1.1111111111111112,0.9523809523809523,1.324311051803632,1.248072410325176,0.9904761904761905,1.1419202940835542,1.33270121011029,1.0865326937881505,1.1601013854875253,1.0774584660930568,1.1742749183175636,1.1061386920096725
0.5888058695014871,0.4559,0.0509,0.0652,0.4279,-0.2,0.1811752371219265,0.9699127222904068,2,100,1.1197187828303925,1.1,0.9619047619047619,1.285139758299716,1.2000000000000002,0.9904761904761905,1.1283181863411451,1.300266389066757,1.0579049238575,1.115281449461166,1.0666440305947893,1.1513592388608294,1.093181406712591
0.44592092728445765,0.6448,0.0634,0.05,0.2418,-0.2,0.2751963121574916,1.0081713273889903,1,100,1.1287361517768462,1.1071428571428572,0.9523809523809523,1.3083973598575047,1.2112676056338028,0.9809523809523809,1.1386384905241602,1.319253801518566,1.0751323743717878,1.1434004328163574,1.0733013282924917,1.1666396616361365,1.101018740034669
0.5289834113849492,0.4395,0.0853,0.0469,0.4283,-0.2,0.1554285585726428,1.024372406130868,1,100,1.1334010419298037,1.1162790697674418,0.9428571428571428,1.3257278696609254,1.2352941176470589,0.9904761904761905,1.1394926528968863,1.331345375269428,1.0898321281942853,1.1621230277966044,1.077782682531457,1.1715332826385298,1.1055918622306304
0.3834130040501546,0.6263,0.0869,0.0516,0.2352,-0.2,0.2172994445191594,0.9627786739603978,1,100,1.1352738518343923,1.119047619047619,0.9523809523809523,1.324627225358014,1.2408376963350785,0.9904761904761905,1.1412672342720962,1.3289420099988585,1.0948197903473378,1.170107186646136,1.079656212596118,1.1766900240290674,1.1074650322152553
0.541666599803988,0.4033,0.073,0.0771,0.4467,-0.1,0.23215456822408995,1.049764155933411,3,100,1.111626844110071,1.0952380952380951,0.9428571428571428,1.3101566320803435,1.25,0.9809523809523809,1.1116984244639645,1.3029310944043773,1.0830805134397117,1.165624873245835,1.0713814134248416,1.1729819516498472,1.0915041287674563
0.5901641853566439,0.4091,0.0481,0.0736,0.4692,-0.1,0.2984568608250754,1.0964733366209065,1,100,1.122963407352456,1.1136363636363635,0.9523809523809523,1.3099629328498577,1.2435897435897434,0.9904761904761905,1.128533433808592,1.3104034809446239,1.08470127895884,1.1585843607685786,1.077469742561054,1.1729959132773191,1.100216574956755
0.376586996145952,0.5724,0.09,0.085,0.2526,-0.2,0.1969176377347724,1.0557501807931589,1,100,1.1216601375932622,1.1111111111111112,0.9333333333333333,1.3153687606144198,1.25,0.9809523809523809,1.1229733759542615,1.31244306640847,1.0873376718435401,1.1679271345359798,1.0752663713951027,1.178260338940609,1.0984632544941824
0.42194629559509367,0.6152,0.0468,0.0801,0.2579,-0.2,0.14320930397751036,1.0254617681404887,1,100,1.132559668432354,1.1153846153846154,0.9428571428571428,1.3196472092271587,1.2413793103448274,0.9904761904761905,1.139277830030896,1.3247314123718494,1.0817466972721699,1.1597613551337074,1.0772460608439303,1.1728249495683434,1.104902864638142
0.411971938937964,0.6352,0.0738,0.0485,0.2425,-0.2,0.2927970608165824,1.298362516282582,3,100,1.1303868098954999,1.119047619047619,0.9714285714285714,1.3213824168016453,1.257294429708223,0.9904761904761905,1.1352170144240439,1.3188576177439382,1.0949445825445454,1.168458486672793,1.0780835080079494,1.1725977036292512,1.1042351589517247
0.5118953310740212,0.4752,0.0522,0.0522,0.4205,-0.1,0.29168484076291956,0.9643065982964664,1,100,1.1242286241287762,1.1118881118881119,0.9523809523809523,1.3196493325058891,1.263157894736842,0.9809523809523809,1.1305999518467524,1.3152506028738382,1.0894314254981532,1.1712994877173466,1.0765760886575233,1.1788385195126456,1.1004023563931498
0.41065321004079447,0.6139,0.0455,0.0734,0.2672,-0.2,0.2710359192022829,1.3427173219814836,3,100,1.1215664606959304,1.1111111111111112,0.9619047619047619,1.315556555295791,1.25130890052356,0.9904761904761905,1.1259919176355409,1.3109530586232883,1.0851536859474478,1.1668727853930096,1.0772992568638826,1.175270833795473,1.0994328587799065
0.40327222760657405,0.6028,0.0783,0.0602,0.2587,-0.2,0.16329176292676206,0.9576311228364923,1,100,1.1327150983749663,1.1153846153846154,0.9523809523809523,1.3238069886066983,1.2356020942408377,0.9904761904761905,1.1392005979888025,1.328209959408162,1.0909545884916538,1.1677071445301246,1.0774675898676267,1.1748222366770735,1.1050913441212966
0.4229685708677378,0.6168,0.0939,0.0502,0.2391,-0.2,0.15529930652529,1.0872279973676924,2,100,1.1336985579835603,1.1111111111111112,0.9333333333333333,1.3223164825150202,1.2453580901856762,0.9904761904761905,1.140167990790165,1.3275159804672998,1.0923497804960163,1.1671681099047433,1.0796510278506988,1.176268816478652,1.1066747929171297
0.35489637098232796,0.6059,0.0774,0.0661,0.2505,-0.2,0.22345351504412986,1.0243795546750492,3,100,1.1248236328513666,1.1162790697674418,0.9523809523809523,1.3235717726894618,1.2571237009721756,0.9809523809523809,1.1294819225441382,1.3215437934487606,1.0886783039832344,1.166511505233964,1.0772264471649544,1.1790219132819122,1.1010250400081605
0.4435381369566495,0.6422,0.0565,0.0486,0.2528,-0.2,0.24676402566265965,0.9393484361501263,1,100,1.1314485755818129,1.1111111111111112,0.9333333333333333,1.313424120773004,1.2321428571428572,0.9809523809523809,1.1418945375287617,1.3249868906202442,1.0756773028815538,1.1426429185000029,1.0747026681708582,1.1665235733074848,1.1030756218763356
0.39695558112758084,0.6373,0.0914,0.0472,0.224,-0.2,0.11894713590842856,0.9259843010670943,3,100,1.135156933719078,1.1162790697674418,0.9809523809523809,1.3234394327065635,1.2413793103448274,0.9904761904761905,1.1424086047010578,1.3285507034326876,1.0931085005401329,1.1711489326535482,1.0759501541103487,1.1730683346260042,1.1055535439147133
0.5710016880054624,0.4161,0.049,0.049,0.4859,-0.2,0.16355603540101848,1.0487989445389982,3,100,1.1303100483679336,1.1118881118881119,0.9714285714285714,1.3192312981570373,1.2394366197183098,0.9904761904761905,1.1361948371233663,1.324486789384243,1.0771234156589153,1.1479286857161992,1.0734773223177618,1.169871742169565,1.1018936853428478
0.36058974037507535,0.6524,0.0471,0.0523,0.2482,-0.2,0.11403395970639126,0.9838228638632608,1,100,1.128930408999904,1.1162790697674418,0.9523809523809523,1.3273679289053981,1.2617801047120418,0.9904761904761905,1.1329764292575366,1.323876591576456,1.0962184794477314,1.1728359594950155,1.0775706018877342,1.1806092361124687,1.103250505443819
0.40810611397003954,0.6033,0.0581,0.0494,0.2892,-0.2,0.1346869804534837,1.0181830982962834,1,100,1.1300763929253725,1.1162790697674418,0.9619047619047619,1.3244111909000296,1.256544502617801,0.9904761904761905,1.134591099882862,1.3226657180328518,1.0961469820216276,1.176087867731544,1.0800598787016977,1.1792753265843154,1.1050681358135352
0.41747503563802235,0.6339,0.0598,0.048,0.2583,-0.2,0.26825881222168835,1.2148141105477412,3,100,1.1306777715485523,1.1162790697674418,0.9523809523809523,1.3221469930085223,1.263157894736842,0.9904761904761905,1.1349338875776491,1.3185370287364995,1.0939475058855963,1.169658973324657,1.0776738805315387,1.1764513325189723,1.1041758260400454
0.40170194868494297,0.6185,0.0701,0.084,0.2274,-0.2,0.2741716410519735,1.046227195330559,2,100,1.1318446952119934,1.1153846153846154,0.9428571428571428,1.3189888514920909,1.2413793103448274,0.9904761904761905,1.1399946208199392,1.3266623700625608,1.0846766710648486,1.1582993549617928,1.0753703474289138,1.1699658039055796,1.1036075213204537
0.528352076659923,0.476,0.051,0.051,0.422,-0.1,0.2674736547349278,1.0820653820370505,3,100,1.1257976951129722,1.1142857142857143,0.9619047619047619,1.3200559538209653,1.256544502617801,0.9809523809523809,1.1321561286020534,1.3155902495606673,1.0903252502491807,1.173175599828713,1.0821030238967484,1.1778648216673977,1.1039503595048603
0.5589331166127477,0.4242,0.0491,0.0491,0.4777,-0.1,0.23586727915279113,0.9817338754733426,2,100,1.1243165792992162,1.1136363636363635,0.9619047619047619,1.318902890234188,1.2617801047120418,0.9809523809523809,1.1304132098057675,1.3153007145042697,1.0886214870446056,1.1701836088563051,1.0766608648478557,1.1805150773508573,1.100488722073536
0.5515755676288052,0.422,0.0508,0.099,0.4282,-0.2,0.1936176931640196,1.0954385459828715,1,100,1.1200189739987447,1.103960396039604,0.9428571428571428,1.3035711758878836,1.2333333333333334,0.9809523809523809,1.1236757708877798,1.309287575753591,1.0700885326087095,1.1385737160690106,1.067818385050641,1.1615855736394938,1.093918679524693
0.4215407129615802,0.6328,0.0549,0.0473,0.2651,-0.2,0.1738984003915542,0.9262115503114626,2,100,1.136065361619408,1.1153846153846154,0.9523809523809523,1.3247941917953734,1.2413793103448274,0.9904761904761905,1.1432324552244881,1.3330374059872532,1.0870842409217492,1.161874498946427,1.078571265410392,1.1728040217681417,1.1073183135149
0.5796060447625871,0.4426,0.0527,0.0527,0.452,-0.2,0.19076048913904825,1.0605441210576732,2,100,1.1276787866078817,1.1111111111111112,0.9523809523809523,1.3086661348021835,1.2249999999999999,0.9904761904761905,1.1335237474629976,1.317716713878652,1.0703531044909242,1.139184184890024,1.0738264466896705,1.1663567961522585,1.100752616648776
0.40042193555377686,0.5701,0.0696,0.0911,0.2692,-0.2,0.25318238557779343,1.2629163138071686,1,100,1.1182037725469065,1.1111111111111112,0.9619047619047619,1.3140987938981283,1.2525252525252526,0.9904761904761905,1.1219088287902512,1.3092509731541815,1.0843197907396858,1.166855088258868,1.0727511527456721,1.176554430131985,1.0954774626462893
0.44975800372629177,0.6378,0.0507,0.0507,0.2608,-0.2,0.2700881010120658,1.0190425680826745,3,100,1.131520976302693,1.1111111111111112,0.9619047619047619,1.3151835109283376,1.2352941176470589,0.9904761904761905,1.1384305098242848,1.3225354426043057,1.077925833742447,1.1452544729593084,1.0738368351175638,1.1682992496379991,1.1026789057101283
0.4266875568107198,0.6184,0.0772,0.0819,0.2225,-0.2,0.28063987287958786,1.2616919244995501,3,100,1.1296397835044367,1.1176470588235294,0.9523809523809523,1.316064185285736,1.2413793103448274,0.9904761904761905,1.1377600893610185,1.3202248945074546,1.0809514928339399,1.1513586473907866,1.075433777931906,1.166744064540336,1.1025367807181714
0.5129030057182042,0.4778,0.0478,0.0478,0.4266,-0.1,0.21523267101575758,1.026456562606042,1,100,1.121731756194052,1.1153846153846154,0.9523809523809523,1.3192123408546872,1.2535211267605633,0.9809523809523809,1.127643283678026,1.3142706556717456,1.0928647228992712,1.1762546512923366,1.0769691153808316,1.1812964419158285,1.099350435787442
0.5246725053479472,0.425,0.0464,0.073,0.4557,-0.2,0.1736523217701888,1.035594370509009,2,100,1.1026489206493524,1.0833333333333333,0.8380952380952381,1.3033340684417465,1.2241379310344829,0.9904761904761905,1.0968402571901374,1.2993315516114137,1.0749314347625074,1.1513093097755125,1.0611990193631329,1.1642354635562553,1.0819239700062426
0.3966509263138343,0.6276,0.0501,0.0501,0.2722,-0.2,0.2361298898852683,1.37052454380789,1,100,1.1225448303543526,1.1153846153846154,0.9714285714285714,1.3189414226740208,1.25,0.9904761904761905,1.1268535781284243,1.3116158290377686,1.0873121783897233,1.1716603672486516,1.0776440131142246,1.177637540055487,1.1000944217342887
0.5475561173232936,0.3884,0.0941,0.0479,0.4695,-0.2,0.10603308185742216,1.0644427092187614,3,100,1.1034611341161513,1.0952380952380953,0.8761904761904762,1.3095306123856276,1.2394366197183098,0.9904761904761905,1.0977983318939037,1.3026175725761466,1.0819341659522492,1.1618446669595472,1.0643841220810466,1.1677899470964646,1.083922628098599
0.3584819272311832,0.6021,0.0911,0.0466,0.2602,-0.2,0.2555461710137764,1.0604119573971449,3,100,1.1290519310141673,1.1188811188811187,0.9714285714285714,1.3228858654395772,1.259470331880657,0.9904761904761905,1.1326434207418907,1.3183896681452891,1.0923050947592354,1.172281979609906,1.077691432690128,1.1827162314801474,1.1033716818521477
0.4152433056521032,0.6267,0.0539,0.0669,0.2525,-0.2,0.2316214151824043,1.0574864443971908,1,100,1.1325691287154238,1.1162790697674418,0.9523809523809523,1.320221641245353,1.2460732984293192,0.9904761904761905,1.139979370398503,1.32443981092658,1.085785923059536,1.1581700507529762,1.0765523405120743,1.1738080218492455,1.1045607346137492
0.4484649533617644,0.6086,0.0894,0.0487,0.2533,-0.2,0.23615360786391992,1.0626318691640226,1,100,1.1326817342303597,1.1111111111111112,0.9714285714285714,1.315858244228,1.2333333333333334,0.9904761904761905,1.1414164303768293,1.3250127201248845,1.0816183493425373,1.1503068609393534,1.0742158055344453,1.1674998618881847,1.1034487698824025
0.4499104730474239,0.6664,0.0484,0.0811,0.2041,-0.2,0.1665684736106537,1.0300250031117595,2,100,1.125232794990174,1.1052631578947367,0.9523809523809523,1.298966003147626,1.2041884816753927,0.9809523809523809,1.1362819207752752,1.3131986898888646,1.070937321339923,1.1353285970095286,1.0715179680817073,1.1578202718075068,1.0983753815359405
0.4402602396543842,0.6845,0.051,0.051,0.2136,-0.2,0.1455776289833611,0.940472672959046,3,100,1.130495419194978,1.1111111111111112,0.9333333333333333,1.3091832115454634,1.2146596858638743,0.9809523809523809,1.1414649310386913,1.3250874050700514,1.0740756272307868,1.1370119150000724,1.0749949611020702,1.1642178344490126,1.1027451901485241
0.3702088101645478,0.6092,0.0753,0.088,0.2275,-0.2,0.21857661348710872,1.0044024602733024,1,100,1.1281386455830513,1.1111111111111112,0.9523809523809523,1.3184129531813829,1.2413793103448274,0.9904761904761905,1.132886984449732,1.3208392565683953,1.09042950801291,1.1659528896109765,1.077646926769951,1.1720916525752596,1.1028927861765012
0.40098303660570495,0.5999,0.0721,0.0838,0.2442,-0.2,0.23122142729220782,1.3938917167451175,1,100,1.1217260756422196,1.1111111111111112,0.9619047619047619,1.3162729268890767,1.2506631299734747,0.9904761904761905,1.1266162633135801,1.3115660794945896,1.0840831042380654,1.1654909716565873,1.074819029596169,1.1712501046595845,1.0982725526191943
0.36554415640834226,0.6669,0.0501,0.0501,0.2328,-0.2,0.28743143652908076,0.9566493866500229,2,100,1.1324991066767187,1.1162790697674418,0.9619047619047619,1.3243641661029095,1.25,0.9904761904761905,1.1369212524665504,1.3249258768432544,1.0893773190203762,1.1645500940159037,1.0773034910849395,1.175190319183791,1.104901298880829
0.3662743486104958,0.6329,0.0462,0.0789,0.242,-0.2,0.2772937388135284,1.0710983083581171,2,100,1.1273354947568286,1.1162790697674418,0.9619047619047619,1.3206298084531227,1.2564102564102564,0.9904761904761905,1.132089182296488,1.319152856400839,1.089472711741995,1.1658026814827978,1.0750538661895206,1.1759194928820336,1.1011946804731747
0.4481004811353773,0.591,0.0741,0.0595,0.2755,-0.2,0.20423461139987048,1.2889875522054013,3,100,1.1298023403066861,1.123076923076923,0.9714285714285714,1.3181553484872937,1.25,0.9904761904761905,1.1349470581551513,1.3170009142028036,1.0910285049706767,1.167195526876861,1.0770562520990374,1.172780883765309,1.1034292962028618
0.5074057683369074,0.4058,0.0496,0.0496,0.495,-0.2,0.11325420809514136,1.0654509191181474,1,100,1.075570010542164,1.0615384615384613,0.8,1.2963628124511826,1.25,0.9904761904761905,1.0623702903907861,1.2797886332807522,1.068991830705441,1.1578125531498138,1.0494755964951188,1.1633993037141341,1.0625228035186414
0.359417734788765,0.6255,0.0462,0.0793,0.2491,-0.2,0.1975622351636756,1.0522279403980705,3,100,1.1247284063029508,1.1162790697674418,0.9523809523809523,1.3177470729110583,1.2535211267605633,0.9904761904761905,1.1282293214117167,1.3131099370099255,1.0861968384719707,1.1631533882453153,1.075548087846357,1.178953735569884,1.100138247074654
0.5980821145533035,0.407,0.049,0.0607,0.4833,-0.1,0.20696406365913947,0.9275995034695811,2,100,1.1286915719076047,1.1111111111111112,0.9619047619047619,1.3158627769160127,1.2413793103448274,0.9904761904761905,1.136290976741472,1.3209022717787537,1.0858139501396584,1.1661185312687161,1.076301601075117,1.174293675802068,1.1024965864913607
0.35222688206296004,0.6031,0.047,0.0735,0.2764,-0.2,0.2601372762811348,1.3527688134576716,2,100,1.0806478161396764,1.0681818181818183,0.8095238095238095,1.298052258886471,1.2413793103448276,0.9809523809523809,1.0685108799531393,1.2776346172272772,1.0761729056748812,1.1639899718596587,1.0571900476366827,1.1665084193964472,1.0689189318881795
0.5344141078063348,0.4657,0.0515,0.0515,0.4313,-0.2,0.10968101493049714,1.089463959145921,1,100,1.1309324807591281,1.1250000000000002,0.9523809523809523,1.3207848932979476,1.2535211267605633,0.9904761904761905,1.1357702112970605,1.3231608409020739,1.0847536386685952,1.1621778973912729,1.079347916537912,1.1735180761700454,1.10514019864852
0.5094286053488007,0.4195,0.0487,0.0487,0.4831,-0.2,0.18673030405011815,1.0415687788802896,3,100,1.0935038591887605,1.0833333333333335,0.819047619047619,1.3036240780399564,1.2435897435897434,0.9904761904761905,1.0841051220600657,1.2896618998330065,1.0771448431420594,1.1602430121619218,1.0624420012772222,1.171856275667689,1.0779729302329915
0.3543803765787229,0.648,0.0732,0.047,0.2319,-0.2,0.11542894920675478,1.036609790648491,3,100,1.128928164845351,1.1162790697674418,0.9714285714285714,1.3254699482803929,1.263157894736842,0.9904761904761905,1.1317494119693057,1.3198399073894727,1.090758178291622,1.1725997503050691,1.0814760403369035,1.1817981272447469,1.1052021025911274
0.3736744871104396,0.6606,0.0818,0.048,0.2096,-0.2,0.12493875758322118,1.0142465303485546,2,100,1.1324932810193142,1.1199999999999999,0.9619047619047619,1.3240749186595226,1.25,0.9904761904761905,1.137512023027887,1.3230692281731904,1.0987519730830415,1.1772971810689543,1.0797776082101591,1.1786185855955964,1.1061354446147367
0.5592956631149617,0.4696,0.0523,0.0523,0.4257,-0.2,0.12279677722231824,1.02752179604581,3,100,1.1299319714769198,1.1111111111111112,0.9619047619047619,1.3139415716816356,1.2333333333333334,0.9904761904761905,1.1360008539123079,1.3225072497805324,1.0777410767410063,1.1445547188711893,1.0752560748426385,1.168705545849458,1.1025940231597793
0.40127392446067583,0.6526,0.0498,0.0624,0.2352,-0.2,0.27367056884822205,1.0772805773447416,1,100,1.1335784366624209,1.1162790697674418,0.9428571428571428,1.3228186274368932,1.25,0.9904761904761905,1.140141597224977,1.3268009560134844,1.090569328988429,1.1634269386562244,1.0788903348111112,1.1750241831779273,1.106234385736766
0.4284763449252188,0.6107,0.0864,0.0745,0.2284,-0.2,0.10178367839769877,0.921828799353147,3,100,1.13254395470019,1.1111111111111112,0.9523809523809523,1.3150854843915407,1.2320954907161803,0.9904761904761905,1.1422061558401233,1.3257350235940255,1.0775457060973501,1.1466681201596598,1.0742343037827102,1.1709194381548924,1.1033891292414502
0.5538941766264187,0.4026,0.0483,0.0832,0.4659,-0.1,0.28191998792939804,0.9185512154848989,3,100,1.1095581547212812,1.0930232558139534,0.8952380952380953,1.3068552053570421,1.25,0.9809523809523809,1.108745503742878,1.300370319298897,1.0817459403885203,1.1579951251039189,1.0701923646521896,1.1740299782940518,1.0898752596867354
0.5215924790431267,0.3958,0.0806,0.0694,0.4542,-0.2,0.1531292754818605,1.05585398871496,3,100,1.1000760346306306,1.0789473684210527,0.8380952380952381,1.304614927237319,1.2241379310344829,0.9904761904761905,1.09212914943237,1.2974351284229138,1.078405721582301,1.158860874072463,1.0620358366698133,1.1661135602494097,1.0810559356502218
0.4298097435818333,0.6061,0.0461,0.0834,0.2644,-0.2,0.20998624771607294,0.9408794734162859,3,100,1.1324033205853572,1.1111111111111112,0.9714285714285714,1.3157336286631927,1.2333333333333334,0.9904761904761905,1.1392410888620452,1.3249254681468983,1.077994530600888,1.1470691377288165,1.0774358369978778,1.1703303300351144,1.1049195787916175
0.5642252418567995,0.4172,0.0497,0.0497,0.4834,-0.2,0.16904019545155013,1.0965974343071814,1,100,1.1283525893349238,1.125,0.9523809523809523,1.320453670670521,1.25,0.9809523809523809,1.133758568925427,1.3239651350460417,1.0831565972161354,1.15907973826103,1.074492948869655,1.1715759272072581,1.1014227691022893
0.5772352987674568,0.4272,0.0497,0.0497,0.4733,-0.1,0.22068135275140316,1.08830777134762,2,100,1.124832325427382,1.1111111111111112,0.9619047619047619,1.3175239643825527,1.25,0.9809523809523809,1.1311029547738063,1.314951896919813,1.0931080401644941,1.1711507752963344,1.0803696483840466,1.1770920803580356,1.1026009869057143
0.5791451487807623,0.4381,0.0538,0.078,0.4302,-0.2,0.14609313910731103,0.9162308000847799,3,100,1.116807496306692,1.1025641025641026,0.9523809523809523,1.2803587552755342,1.2,0.9904761904761905,1.125388814362577,1.2949335222404215,1.0567115821985016,1.1138362416551617,1.0692958784144158,1.1546915181395128,1.0930516873605538
0.4471135151802328,0.6077,0.0499,0.0928,0.2497,-0.2,0.22588356372373997,1.3009090479407874,2,100,1.1273205705008347,1.1111111111111112,0.9714285714285714,1.313023496496105,1.2435897435897434,0.9904761904761905,1.1347882448424416,1.3167399391989598,1.079852426873285,1.150321336327902,1.075688642104027,1.1678465838704284,1.1015046063024307
0.4184562073393677,0.6685,0.0524,0.0524,0.2267,-0.2,0.23394777542089026,1.0909796783711616,3,100,1.135401022847088,1.1153846153846154,0.9619047619047619,1.3226546150067888,1.2454545454545454,0.9904761904761905,1.1425318023204805,1.3271571215185936,1.0901579781990838,1.1613425626748952,1.0765861496717481,1.17117670857961,1.1059935862594181
0.577462388129223,0.428,0.0526,0.0526,0.4668,-0.1,0.20348383502799156,1.030451521293171,3,100,1.1285578915069006,1.113861386138614,0.9619047619047619,1.3202612047634288,1.25,0.9904761904761905,1.133826191906665,1.3176353277575201,1.0932096102156195,1.1713346293935702,1.0807100057020393,1.176672458394222,1.1046339486044698
0.5923783316093181,0.4454,0.0723,0.0765,0.4058,-0.1,0.24379896029203726,1.027802729852833,3,100,1.124782734054866,1.1025641025641026,0.9619047619047619,1.3001796739003122,1.2075092189071404,0.9904761904761905,1.1369676089982685,1.3142352129991346,1.075870538616999,1.1386885065266605,1.0684237741700209,1.1592776467233026,1.0966032541124435
0.35517214916663914,0.6423,0.0969,0.0496,0.2112,-0.2,0.29454165724399484,1.2531618826550133,3,100,1.1273888843437234,1.1162790697674418,0.9809523809523809,1.324040797793448,1.2692307692307692,0.9904761904761905,1.131807334618064,1.3175536751280834,1.0898375844914585,1.1707454195269522,1.078898807945569,1.1805311538827314,1.1031438461446461
0.4272012432110988,0.6489,0.0841,0.0489,0.2181,-0.2,0.1661661263167761,0.974731545774742,3,100,1.135015618607116,1.1111111111111112,0.9714285714285714,1.316491995716579,1.2333333333333334,0.9904761904761905,1.143255554749385,1.3256586508932517,1.0816315758038584,1.1511377975817634,1.0742618693288788,1.1673539557781507,1.1046387439679974
0.5656073879095064,0.4708,0.0826,0.0473,0.3993,-0.1,0.22890835816381916,1.046945026156116,3,100,1.132552614621308,1.1111111111111112,0.9619047619047619,1.315986928929818,1.2333333333333334,0.9904761904761905,1.1413680820683103,1.321109867131306,1.0929566705118625,1.163424553380102,1.0742338065530592,1.1649269551278938,1.1033932105871838
0.39538968820763,0.6133,0.0481,0.0627,0.2759,-0.2,0.1247839562951358,0.9473324725995163,2,100,1.1300322471686794,1.123076923076923,0.9714285714285714,1.3208376674700968,1.2435897435897434,0.9904761904761905,1.1347241453033794,1.3211106169978764,1.0878955914541777,1.1658805254034732,1.0808443540807318,1.1780844492261862,1.1054383006247055
0.4094433663756452,0.666,0.0806,0.0494,0.204,-0.2,0.11461732441926982,1.0649328380912682,1,100,1.1347193826953865,1.1162790697674418,0.9428571428571428,1.3221711419572788,1.2454545454545454,0.9904761904761905,1.1410005878751943,1.3275962329600532,1.0887027986257325,1.1641789874004813,1.0775042702660664,1.172674661419831,1.1061118264807264
0.5260703781335945,0.4285,0.0493,0.0493,0.4729,-0.2,0.11535315463370474,0.9492704483566453,2,100,1.1095051663670228,1.090909090909091,0.8571428571428571,1.3109322199383207,1.2408376963350785,0.9904761904761905,1.1050897619708409,1.3057349444412363,1.0841833897565492,1.1631181018222196,1.0630226168712744,1.1655597835613485,1.0862638916191485
0.38419269385456606,0.6438,0.091,0.0513,0.2139,-0.2,0.27176391476415673,1.0614863211952563,2,100,1.1319879896243843,1.1162790697674418,0.9523809523809523,1.3221146370291605,1.25,0.9904761904761905,1.1392878604675172,1.3261316035901014,1.094189312515524,1.1677347386969454,1.0798083957405766,1.176704633158718,1.1058981926824805
0.5301320357662616,0.4293,0.0448,0.0879,0.4379,-0.2,0.1770193113537855,0.9673713087666538,1,100,1.1100803045817595,1.0833333333333335,0.8666666666666667,1.300210176898033,1.2146596858638743,0.9809523809523809,1.109395349471378,1.3032927870270534,1.0752568133734663,1.1455189396317729,1.0641140901891264,1.1613449331137866,1.087097197385443
0.5571167362055741,0.4505,0.0859,0.0515,0.4121,-0.2,0.19940777724523784,0.9077288619653769,3,100,1.1274081062442423,1.1057692307692308,0.9714285714285714,1.2934441689198293,1.2,0.9904761904761905,1.1380672153458138,1.3090653950292814,1.06495420903274,1.1265094984788717,1.0733073636701462,1.1598852865050868,1.1003577349571942
0.3724415892674687,0.659,0.0507,0.0507,0.2395,-0.2,0.204596324934014,1.270442498713025,2,100,1.1242016224691016,1.1153846153846154,0.9619047619047619,1.3205735680296853,1.267857142857143,0.9809523809523809,1.1298658805119426,1.3155942421616345,1.0889874478501353,1.1726575711737426,1.0786494894949699,1.1816400826098048,1.1014255559820358
0.4483417075992938,0.6224,0.0676,0.0528,0.2571,-0.2,0.24192723879008052,1.002916610377106,2,100,1.1294744145172988,1.1081081081081081,0.9523809523809523,1.3122996935713613,1.2333333333333334,0.9809523809523809,1.1390113106803372,1.3229946770551766,1.0786147922484655,1.1455248452896052,1.074460584343891,1.1650917967773016,1.1019674994305948
0.44511946600038416,0.6065,0.0468,0.0923,0.2544,-0.2,0.11184785772170414,1.0701067358381566,3,100,1.1287094021025617,1.1111111111111112,0.9428571428571428,1.314571226011466,1.2413793103448274,0.9904761904761905,1.1365091063584076,1.322136487641705,1.0806519836913948,1.1515853318771019,1.0737971905985615,1.168517573269559,1.1012532963505617
0.4281294035431516,0.6224,0.0482,0.0482,0.2812,-0.2,0.11105884109961103,1.0994069315675146,1,100,1.1329519645640103,1.125,0.9619047619047619,1.322581586583152,1.25,0.9904761904761905,1.136534526495775,1.3206707331873329,1.0938647412833578,1.1717489911602288,1.0793691392405418,1.175879428788683,1.106160551902276
0.363975248360931,0.6489,0.0477,0.0477,0.2558,-0.2,0.11999082024751083,0.901472453950201,3,100,1.1312960683871711,1.1162790697674418,0.9714285714285714,1.3245656313896679,1.25,0.9904761904761905,1.1356454755856424,1.3215481291969102,1.0900432873687091,1.1665138148733816,1.0809539949817724,1.176954250090865,1.1061250316844717
0.5871409086741215,0.4398,0.0891,0.0457,0.4254,-0.2,0.1634234433966728,0.9858052242714825,2,100,1.1254704269014646,1.105263157894737,0.9619047619047619,1.291643564688013,1.2000000000000002,0.9904761904761905,1.1346332560925168,1.3043227604070338,1.0643415601729296,1.12486593623224,1.0715495114551572,1.15471641921386,1.098509969178311
0.42002651020022497,0.6087,0.0655,0.0489,0.2769,-0.2,0.1312366641382041,1.06645196027904,2,100,1.1333485688742713,1.125,0.9619047619047619,1.3232974581794434,1.2535211267605633,0.9904761904761905,1.1375086444598004,1.3227406502556356,1.0970446426391676,1.176026427840682,1.0788463122856908,1.1788483704558634,1.106097440579981
0.4208091235683588,0.6301,0.0496,0.0496,0.2706,-0.2,0.27385803864573827,0.9634306342259957,1,100,1.1384406816532433,1.1199999999999999,0.9619047619047619,1.3272662325384046,1.2413793103448274,0.9904761904761905,1.1463761560340793,1.3358056119754531,1.0901578505921892,1.1642490395074372,1.077384518541104,1.1737731304465209,1.1079126000971735
0.44528993950697454,0.617,0.0804,0.0783,0.2244,-0.2,0.12909178381401185,1.003011425846343,3,100,1.1289968490505915,1.107843137254902,0.9523809523809523,1.3081266531094433,1.2175066312997347,0.9904761904761905,1.1364978019826806,1.3168826146684427,1.0754361184817107,1.1427410762373105,1.0725820491480325,1.1649513249728964,1.100789449099312
0.3641595888568775,0.6145,0.0489,0.0738,0.2629,-0.2,0.24482456132543512,0.9785145431683839,1,100,1.1280474594526235,1.1188118811881187,0.9619047619047619,1.3213287569357477,1.2564102564102564,0.9904761904761905,1.131219945479362,1.3192957483681738,1.0920335643408245,1.16942206202991,1.0752321351543237,1.17589032454148,1.1016397973034735
0.519766698225464,0.4323,0.0506,0.0967,0.4204,-0.2,0.12913294535584657,1.0058782708052574,1,100,1.1029929529706106,1.0833333333333333,0.8571428571428571,1.2993426181563326,1.206896551724138,0.9809523809523809,1.100082687160528,1.2995021078968507,1.0716656374223372,1.1438051936427251,1.0625598743641758,1.1629264130155264,1.0827764136673932
0.39618772302513877,0.6236,0.0506,0.0506,0.2753,-0.2,0.11612717790336018,1.0002089550206728,3,100,1.1310334045355532,1.119047619047619,0.9619047619047619,1.3247954194814837,1.25,0.9904761904761905,1.135626264233366,1.3222294813986906,1.0968593732866452,1.1755724339018991,1.0806406241383941,1.1782657919938915,1.1058370143369736
0.5345730805762633,0.4464,0.0659,0.0555,0.4323,-0.1,0.2378592787559731,0.9189279536498778,1,100,1.1251485888274526,1.1136363636363635,0.9714285714285714,1.3178286699250379,1.25,0.9904761904761905,1.129753395629519,1.314772312862634,1.0933008827049382,1.1705418682444635,1.0804259777599847,1.1780627348632817,1.1027872832937187
0.41578632850405284,0.6918,0.0499,0.0499,0.2084,-0.2,0.14186083007903794,1.0548642832283686,1,100,1.1353035454909077,1.119047619047619,0.9523809523809523,1.3195088576405367,1.2413793103448274,0.9904761904761905,1.1441133991013408,1.3256209569006208,1.0912135312017401,1.1583117409436312,1.0770031161208788,1.1725076244716301,1.1061533308058933
0.44425684003143384,0.6477,0.0508,0.0508,0.2506,-0.2,0.27341463457609183,1.24304874963583,3,100,1.1322267630199052,1.1153846153846154,0.9619047619047619,1.3200508362297074,1.25,0.9904761904761905,1.138253592879995,1.3215603635211906,1.0860094724025176,1.1560906081749753,1.074635018165855,1.1683166057088996,1.1034308905928802
0.5195124241092337,0.4555,0.0538,0.0538,0.4369,-0.2,0.15685697147037353,1.0824897592591283,1,100,1.1236447058584798,1.1118881118881119,0.9428571428571428,1.3203929562869348,1.256544502617801,0.9904761904761905,1.1260943949401665,1.322159258967347,1.0856030676731,1.1603916035325572,1.0715296513573946,1.1739335206523223,1.0975871786079372
0.4357572144122558,0.6563,0.0484,0.0519,0.2434,-0.2,0.14627993655935156,0.9770178992200707,3,100,1.1336582205546044,1.1153846153846154,0.9523809523809523,1.318950067332544,1.2352941176470589,0.9904761904761905,1.14131731842859,1.3258596677671,1.0830374387316712,1.1522720663692891,1.0745579488059818,1.1686608171102324,1.104108084680293
0.4348792113136089,0.6615,0.0545,0.0634,0.2205,-0.2,0.21553971192572757,1.321313267039086,1,100,1.1317357420983976,1.1162790697674418,0.9714285714285714,1.3156520835435956,1.2454545454545454,0.9904761904761905,1.1379248961526396,1.3169712121655308,1.0869636639403177,1.1591494282161108,1.0719636185628996,1.1683856279337235,1.1018496803306486
0.446981511670557,0.6449,0.0479,0.053,0.2542,-0.2,0.2984578081431625,0.9576456490975811,1,100,1.1310243523713945,1.1111111111111112,0.9333333333333333,1.3118241166679814,1.2321428571428572,0.9809523809523809,1.1403944037434421,1.3234818297695878,1.074181581180528,1.1424003750398992,1.0751684459141482,1.1662623388967186,1.1030963991427714
0.40607773745620124,0.6571,0.0483,0.0483,0.2462,-0.2,0.2505502819357067,1.3273340559832612,2,100,1.1264143248211202,1.1153846153846154,0.9714285714285714,1.317306275815382,1.25,0.9904761904761905,1.1302352747262996,1.3115617093268575,1.0924292307766952,1.1742353509807006,1.080097318648516,1.1782026348689714,1.1032558217348183
0.37947551932027634,0.6482,0.0489,0.0489,0.254,-0.2,0.26636210466603516,1.0672490353685202,2,100,1.1307811966242434,1.119047619047619,0.9714285714285714,1.3222670116038757,1.2535211267605633,0.9904761904761905,1.135455631069754,1.319326360255782,1.0923898380736587,1.171400297846437,1.0769861338944964,1.176958280764751,1.10388366525937
0.5330716066746106,0.4373,0.0486,0.0486,0.4655,-0.1,0.28787636197825395,0.9746121175116106,3,100,1.1219115969400764,1.1111111111111112,0.9714285714285714,1.3195972290185036,1.25,0.9904761904761905,1.125869507066873,1.3118629249215055,1.0915606334709995,1.1753704111305054,1.0766255386636172,1.1804359628254928,1.0992685678018468
0.3786892413563455,0.6239,0.0785,0.0922,0.2054,-0.2,0.22504330867318884,1.2525742664319566,2,100,1.1235253488807349,1.1153846153846154,0.9428571428571428,1.3116288696009335,1.25,0.9904761904761905,1.1286113029054294,1.3101423230967424,1.084568792926533,1.1596459996772663,1.0768018524657896,1.1728699294633538,1.1001636006732622
0.3611600368249227,0.6779,0.0542,0.0525,0.2154,-0.2,0.2384504377989928,0.9121056901653072,1,100,1.1345500414032457,1.119047619047619,0.9619047619047619,1.3240339032329014,1.25,0.9904761904761905,1.1406667670388901,1.3284045643290692,1.0893114425219779,1.1628816905774153,1.078524166516119,1.176245741560841,1.1065371039596823
0.4068741195952894,0.6282,0.0665,0.0736,0.2318,-0.2,0.11397969981276573,0.9229060147071947,3,100,1.1319540670745827,1.1111111111111112,0.9428571428571428,1.3209788163776062,1.2352941176470589,0.9904761904761905,1.1395310573673405,1.32819632647063,1.083029305683963,1.1597265251905464,1.0737811056093338,1.1710803050245808,1.1028675863419584
0.37536645065618285,0.6026,0.0596,0.0501,0.2877,-0.2,0.26107701332354183,1.0107081680179224,2,100,1.1290531341445047,1.1188118811881187,0.9714285714285714,1.3249381805450162,1.2666666666666666,0.9904761904761905,1.1331090057889353,1.321332248741998,1.0935989997974682,1.1726771791115886,1.0784037814213936,1.1835945011940185,1.1037284577829491
0.37169161228057884,0.6397,0.0952,0.0494,0.2157,-0.2,0.20951875383369742,1.200113625851789,2,100,1.1304614163098465,1.1162790697674418,0.9619047619047619,1.322690324359449,1.2564102564102564,0.9904761904761905,1.1342518998490319,1.317703016159401,1.091670045362019,1.1716703449290853,1.0802096569993134,1.181220998111486,1.10533553665458
0.39143537719943616,0.6373,0.0527,0.0527,0.2573,-0.2,0.2521876434688856,1.255927265820506,2,100,1.1240617877192398,1.1162790697674418,0.9523809523809523,1.3183457449743032,1.256544502617801,0.9904761904761905,1.127971782414143,1.311165124640069,1.0881480987368009,1.168545845914034,1.0788619075074664,1.1793983582483785,1.101461847613353
0.3547374020005482,0.6427,0.0531,0.0756,0.2285,-0.2,0.21382053716385307,1.0837646387061366,3,100,1.1261308473017362,1.1153846153846154,0.9809523809523809,1.3207142360486028,1.263157894736842,0.9904761904761905,1.1305924017161482,1.316771264923709,1.0860080839309705,1.1641184523398849,1.0772999104318803,1.1805106157236784,1.1017153788668081
0.4130011844576399,0.6232,0.0502,0.0507,0.2759,-0.2,0.1851131099761935,0.9310425984882181,3,100,1.1346058866337985,1.1153846153846154,0.9714285714285714,1.3244224237894309,1.2450553134428426,0.9904761904761905,1.141225312830962,1.330125884201664,1.0902640419483889,1.1652962114883905,1.0779929841137816,1.1753304178429522,1.10629943537379
0.41800349354078914,0.6632,0.0526,0.0526,0.2316,-0.2,0.21813214587658525,1.334962550481174,1,100,1.129189436079832,1.119047619047619,0.9523809523809523,1.319664163975817,1.2564102564102564,0.9904761904761905,1.1350077124383828,1.3173371939387735,1.0920499943771567,1.1686051625140224,1.0765863224450372,1.171135779296456,1.1028878792624346
