date,price,score,q_score,q_cash,q_exec,buy_lots,buy_shares,cost,cash_after,contribution_cum,shares_after,shortage,value,bb,trend,risk
2014-01-03,9.970666885375977,0.5056981944795201,0.1012694445082184,1.0,0.3708886111557529,2,2,19.941333770751953,480.05866622924805,500.0,2,1.0,0.016280555655772053,0.0,1.0,0.0
2014-01-06,9.800000190734863,0.5182539189227966,0.1240980344050847,1.0,0.3868686240835593,2,2,19.600000381469727,460.4586658477783,500.0,4,0.9600644699667586,0.09208958409837452,0.0,1.0,0.0
2014-01-07,9.957332611083984,0.47626379562380294,0.04775235567964169,1.0,0.33342664897574925,2,2,19.91466522216797,440.54400062561035,500.0,6,0.9201491684266422,0.01203310478422351,0.0,1.0,0.0
2014-01-09,9.835332870483398,0.4828454157356583,0.059718937701196906,1.0,0.34180325639083786,2,2,19.670665740966797,420.87333488464355,500.0,8,0.880283118247988,0.07070378385389313,0.0,1.0,0.0
2014-01-10,9.714667320251465,0.4859158631015842,0.0653015692756076,1.0,0.34571109849292536,2,2,19.42933464050293,401.4440002441406,500.0,10,0.8407763321286181,0.11898327673305119,0.0,1.0,0.0
2014-01-13,9.28933334350586,0.5368038695828083,0.15782521742328787,1.0,0.41047765219630156,2,2,18.57866668701172,382.8653335571289,500.0,12,0.8022316454435451,0.30292226765019303,0.0,1.0,0.0
2014-05-08,11.906000137329102,0.655800762614358,0.37418320475337824,1.0,0.5619282433273648,3,3,35.718000411987305,2347.1473331451416,2500.0,15,0.9342550907433066,0.6537470881548595,1.0,1.0,1.0
2014-05-09,12.150667190551758,0.6022251538093448,0.2767730069260815,1.0,0.49374110484825706,2,2,24.301334381103516,2322.845998764038,2500.0,17,0.9187023999460433,0.5162266109377993,1.0,1.0,1.0
2014-10-10,15.793999671936035,0.549727277591457,0.18132232289355815,1.0,0.4269256260254908,2,2,31.58799934387207,4791.257999420166,5000.0,19,0.9423504295398198,0.34258464929291427,1.0,1.0,1.0
2014-10-13,14.97266674041748,0.6149673993999596,0.29994072618174467,1.0,0.5099585083272213,3,3,44.91800022125244,4746.339999198914,5000.0,22,0.9362858165854707,0.5350496102715567,1.0,1.0,1.0
2014-10-14,15.137332916259766,0.579738247074834,0.23588772195424362,1.0,0.46512140536797053,2,2,30.27466583251953,4716.065333366394,5000.0,24,0.9269085445341557,0.4437721613939418,1.0,1.0,1.0
2014-12-16,13.187333106994629,0.4779025775811691,0.05073195923848926,1.0,0.3355123714669425,2,2,26.374666213989258,5689.690667152405,6000.0,26,0.9404930591330694,0.5678000196702712,0.0,1.0,1.0
2015-01-12,13.480667114257812,0.45024699416561353,0.0004490803011154968,1.0,0.3003143562107809,2,2,26.961334228515625,6162.729332923889,6500.0,28,0.9424689218916431,0.31360525214991963,0.0,1.0,0.6968948337446665
2015-01-14,12.845999717712402,0.5921943628810362,0.25853520523824763,1.0,0.48097464366677334,2,2,25.691999435424805,6137.037333488464,6500.0,30,0.9389582893715418,0.4673113188599903,1.0,1.0,1.0
2015-01-20,12.795332908630371,0.4518517661671023,0.0033668475765496523,1.0,0.3023567933035848,2,2,25.590665817260742,6111.446667671204,6500.0,32,0.936215442523221,0.3707147159626836,0.0,1.0,0.7778689465148214
2015-03-27,12.333333015441895,0.5315027530298244,0.1481868236905898,1.0,0.4037307765834129,2,2,24.66666603088379,7086.78000164032,7500.0,34,0.944153042127722,0.2887119665289195,1.0,1.0,1.0
2015-08-06,16.408666610717773,0.5441035769323819,0.17109741260433065,1.0,0.41976818882303146,2,2,32.81733322143555,9553.962668418884,10000.0,36,0.940286381665279,0.32858098099866956,1.0,1.0,1.0
2015-08-07,16.167333602905273,0.5548050082875895,0.19055456052288997,1.0,0.433388192366023,2,2,32.33466720581055,9521.628001213074,10000.0,38,0.937252271418851,0.36219060940283326,1.0,1.0,1.0
2015-08-24,14.591333389282227,0.6329634023599411,0.3326607315635292,1.0,0.5328625120944704,3,3,43.77400016784668,9477.854001045227,10000.0,41,0.9371981532720487,0.5855544248992117,1.0,1.0,1.0
2015-08-25,14.66866683959961,0.45648149451720693,0.011784535485830763,1.0,0.3082491748400816,2,2,29.33733367919922,9448.516667366028,10000.0,43,0.9329656701901087,0.5141243141447682,0.0,1.0,1.0
2015-08-26,14.989333152770996,0.46705790084550636,0.0310143651736479,1.0,0.3217100556215536,2,2,29.978666305541992,9418.538001060486,10000.0,45,0.9302528614119068,0.3794425218242232,0.0,1.0,0.7066774164356953
2015-09-28,16.562000274658203,0.47262625087413906,0.041138637952980096,1.0,0.3287970465670861,2,2,33.124000549316406,9885.41400051117,10500.0,47,0.9273632906570775,0.11404069518034653,0.0,1.0,0.2093257208447965
2015-09-29,16.44333267211914,0.47753610098799315,0.050065638159987526,1.0,0.3350459467119913,2,2,32.88666534423828,9852.527335166931,10500.0,49,0.9243503751718845,0.13523766502433068,0.0,1.0,0.21659856540341038
2015-09-30,16.559999465942383,0.47798193226992214,0.0508762404907675,1.0,0.3356133683435373,2,2,33.119998931884766,9819.407336235046,10500.0,51,0.9212825527044556,0.09130439548022863,0.0,1.0,0.13211749797358685
2015-10-01,15.991999626159668,0.5203815908092653,0.12796652874411865,1.0,0.3895765701208831,2,2,31.983999252319336,10287.423336982727,11000.0,53,0.9221805211025653,0.23610755366342012,0.0,1.0,0.17509617679414813
2015-10-02,16.504667282104492,0.45232575153708776,0.004228639158341364,1.0,0.302960047410839,2,2,33.009334564208984,10254.414002418518,11000.0,55,0.9192572278181869,0.07556616741428887,0.0,1.0,0.22931218397139363
2015-10-05,16.40999984741211,0.46303718783466347,0.02370397788120628,1.0,0.3165927845168444,2,2,32.81999969482422,10221.594002723694,11000.0,57,0.9163760136126476,0.09411098527406694,0.0,1.0,0.2031663088784328
2015-10-06,16.097333908081055,0.4701327161895744,0.03660493852649892,1.0,0.3256234569685493,2,2,32.19466781616211,10189.399334907532,11000.0,59,0.9136447986276115,0.17032812163856553,0.0,1.0,0.2962890295179377
2015-10-07,15.46399974822998,0.48756152903286026,0.068293689150655,1.0,0.34780558240545856,2,2,30.92799949645996,10158.471335411072,11000.0,61,0.9112283093772675,0.32828141522236703,0.0,1.0,0.4813343728850592
2015-10-08,15.114666938781738,0.5060845684985,0.10197194272454549,1.0,0.3713803599071819,2,2,30.229333877563477,10128.242001533508,11000.0,63,0.9089774997157116,0.3957703745275673,0.0,1.0,0.5028859374332377
2015-10-09,14.712667465209961,0.5262405993570096,0.13861927155819928,1.0,0.3970334900907395,2,2,29.425334930419922,10098.816666603088,11000.0,65,0.9069210969142836,0.47354683362933747,0.0,1.0,0.5346158816662889
2015-10-12,14.371999740600586,0.5446346946308314,0.17206308114696608,1.0,0.4204441568028763,2,2,28.743999481201172,10070.072667121887,11000.0,67,0.9050241478530217,0.5291028670522049,0.0,1.0,0.5365488029299899
2015-10-13,14.616666793823242,0.4887907639138447,0.07052866166153576,1.0,0.34937006316307506,2,2,29.233333587646484,10040.83933353424,11000.0,69,0.9029465184556551,0.41341602399864796,0.0,1.0,0.6096806297258066
2015-10-14,14.458666801452637,0.5241758287716214,0.13486514322112977,1.0,0.3944056002547909,2,2,28.917333602905273,10011.921999931335,11000.0,71,0.9009308593010772,0.4226274229844767,0.0,1.0,0.44534785014161193
2015-10-15,14.753999710083008,0.4766270944132923,0.04841289893325874,1.0,0.3338890292532812,2,2,29.507999420166016,9982.41400051117,11000.0,73,0.8986983707892146,0.2996628727989797,0.0,1.0,0.4639967042128783
2016-01-13,13.354000091552734,0.4733325764753761,0.04242286631886557,1.0,0.32969600642320596,2,2,26.70800018310547,11455.706000328064,12500.0,75,0.9141609205415482,0.4573510674461644,0.0,1.0,0.7834830966016166
2016-01-15,13.666000366210938,0.4725363791269983,0.04097523477636054,1.0,0.3286826643434524,2,2,27.332000732421875,11428.373999595642,12500.0,77,0.9128919287785838,0.2934325690185708,0.0,1.0,0.49838597551002883
2016-01-19,13.64799976348877,0.45997592756755046,0.018138050122818994,1.0,0.31269663508597334,2,2,27.29599952697754,11401.078000068665,12500.0,79,0.9110794539819711,0.2726516925545504,0.0,1.0,0.5216498686011606
2016-01-20,13.24666690826416,0.48132904250701675,0.05696189546730315,1.0,0.33987332682711224,2,2,26.49333381652832,11374.584666252136,12500.0,81,0.9094851851938549,0.375401527389209,0.0,1.0,0.5919065344852783
2016-01-21,13.33133316040039,0.4579021689104596,0.014367579837199242,1.0,0.3100573058860395,2,2,26.66266632080078,11347.921999931335,12500.0,83,0.9078050318688357,0.31498081562905966,0.0,1.0,0.6003643885690189
2016-01-25,13.092000007629395,0.4695229369517345,0.03549624900315366,1.0,0.3248473743022076,2,2,26.18400001525879,11321.737999916077,12500.0,85,0.9066611593877923,0.34326334672248066,0.0,1.0,0.5897532009343054
2016-01-26,12.904000282287598,0.49649535455494576,0.08453700828171953,1.0,0.3591759057972037,2,2,25.808000564575195,11295.929999351501,12500.0,87,0.9051587704490179,0.37399492103869036,0.0,1.0,0.5060421873287608
2016-01-27,12.538000106811523,0.5236292758035869,0.1338714105519761,1.0,0.3937099873863833,2,2,25.076000213623047,11270.853999137878,12500.0,89,0.9038613365971133,0.46153037422049326,0.0,1.0,0.5212891149128773
2016-01-28,12.646666526794434,0.5150121987174336,0.11820399766806114,1.0,0.38274279836764286,2,2,25.293333053588867,11245.56066608429,12500.0,91,0.9024421554236473,0.3850832774239868,0.0,1.0,0.42810851389619153
2016-01-29,12.74666690826416,0.517683258675086,0.1230604703183382,1.0,0.38614232922283676,2,2,25.49333381652832,11220.067332267761,12500.0,93,0.9009121700808352,0.3175008894702159,0.0,1.0,0.2938065608389089
2016-02-02,12.185333251953125,0.5523984195577155,0.1861789446503918,1.0,0.4303252612552743,2,2,24.37066650390625,11695.696665763855,13000.0,95,0.9038974493990412,0.4646365329169123,0.0,1.0,0.38294237126434094
2016-02-03,11.565333366394043,0.7471360809715688,0.5402474199483068,1.0,0.6781731939638148,3,3,34.69600009918213,11661.000665664673,13000.0,98,0.9031310492561471,0.6376167477555698,1.0,1.0,0.46062823991266044
2016-02-04,11.688667297363281,0.5542535417796427,0.18955189414480486,1.0,0.43268632590136347,2,2,23.377334594726562,11637.623331069946,13000.0,100,0.9011971156050662,0.5408908658559154,0.0,1.0,0.5023862586585042
2016-02-05,10.84000015258789,0.747052100640356,0.5400947284370108,1.0,0.6780663099059075,3,3,32.52000045776367,11605.103330612183,13000.0,103,0.9008411733742399,0.795401206537364,1.0,1.0,0.7331636616435264
2016-02-08,9.866000175476074,0.7704937318261404,0.5827158760475281,1.0,0.7079011132332697,3,3,29.598000526428223,11575.505330085754,13000.0,106,0.9001487431574808,1.0,1.0,1.0,0.9727916413948887
2016-02-09,9.883333206176758,0.7658747455042803,0.5743177190986913,1.0,0.702022403369084,3,3,29.649999618530273,11545.855330467224,13000.0,109,0.8993521081638426,0.9965789158529775,1.0,1.0,0.9885055645080345
2016-02-10,9.57800006866455,0.6171498449874507,0.3039088090680922,1.0,0.5127361663476646,3,3,28.734000205993652,11517.12133026123,13000.0,112,0.8987120181943615,1.0,0.0,1.0,0.9869968069028789
2016-02-11,10.031332969665527,0.5371147325424703,0.15839042280449148,1.0,0.41087329596314404,2,2,20.062665939331055,11497.0586643219,13000.0,114,0.8976054120220944,0.7798652523849635,0.0,1.0,1.0
2016-02-12,10.06933307647705,0.5095191907233938,0.10821671040617052,1.0,0.3757516972843194,2,2,20.1386661529541,11476.919998168945,13000.0,116,0.897293390315189,0.7013328688945081,0.0,1.0,1.0
2016-02-16,10.344667434692383,0.4507746482615678,0.0014084513846687487,1.0,0.30098591596926816,2,2,20.689334869384766,11456.23066329956,13000.0,118,0.896653635852389,0.5341310734663761,0.0,1.0,1.0
2016-05-04,14.837332725524902,0.5477051622341125,0.1776457495165681,1.0,0.4243520246615977,2,2,29.674665451049805,12926.55599784851,14500.0,120,0.8684489820181783,0.4107086243650005,1.0,1.0,1.0
2016-05-05,14.10200023651123,0.6083139976295191,0.28784363205367103,1.0,0.5014905424375697,3,3,42.30600070953369,12884.249997138977,14500.0,123,0.86784544540433,0.5844802621085818,1.0,1.0,1.0
2016-06-22,13.11066722869873,0.5807282634661242,0.23768775175658935,1.0,0.46638142622961254,2,2,26.22133445739746,13358.02866268158,15000.0,125,0.8807388546002007,0.4927704695887257,1.0,1.0,1.0
2016-06-23,13.09333324432373,0.5674285658781562,0.21350648341482933,1.0,0.4494545383903806,2,2,26.18666648864746,13331.841996192932,15000.0,127,0.8799510052360097,0.45555918298729364,1.0,1.0,1.0
2016-08-29,14.346667289733887,0.4713384318011122,0.03879714872929485,1.0,0.32715800411050644,2,2,28.693334579467773,14303.148661613464,16000.0,129,0.8818933732148135,0.17907357478836433,1.0,1.0,1.0
2016-08-30,14.089332580566406,0.4927411454696828,0.0777111735812414,1.0,0.35439782150686905,2,2,28.178665161132812,14274.969996452332,16000.0,131,0.8806402196441997,0.24147733884060826,1.0,1.0,1.0
2016-09-01,13.38466739654541,0.5563178094951009,0.1933051081729107,1.0,0.4353135757210375,2,2,26.76933479309082,14748.20066165924,16500.0,133,0.8839947368828808,0.4197704331031217,1.0,1.0,1.0
2016-09-02,13.185333251953125,0.5651390305019666,0.20934369182175736,1.0,0.4465405842752302,2,2,26.37066650390625,14721.829995155334,16500.0,135,0.8833183840411222,0.4456502745359252,1.0,1.0,1.0
2016-11-01,12.719332695007324,0.49863700722073917,0.08843092221952574,1.0,0.36190164555366805,2,2,25.43866539001465,15696.39132976532,17500.0,137,0.8968872142929871,0.24207566348055354,1.0,1.0,1.0
2016-11-02,12.534667015075684,0.512712357522005,0.11402246822182714,1.0,0.37981572775527905,2,2,25.069334030151367,15671.321995735168,17500.0,139,0.8959797933221194,0.2831983710264661,1.0,1.0,1.0
2016-11-03,12.494667053222656,0.5082568459501526,0.10592153809118658,1.0,0.3741450766638307,2,2,24.989334106445312,15646.332661628723,17500.0,141,0.895060811529391,0.2713873197567596,1.0,1.0,1.0
2017-07-05,21.805999755859375,0.5495081893006917,0.1809239805467121,1.0,0.4266467863826985,2,2,43.61199951171875,19602.720662117004,21500.0,143,0.8431545996764201,0.44115451261127037,1.0,1.0,1.0
2017-07-06,20.588666915893555,0.618312011854149,0.3060218397348163,1.0,0.5142152878143714,3,3,61.766000747680664,19540.954661369324,21500.0,146,0.8430376119844427,0.6378538504559829,1.0,1.0,1.0
2017-10-23,22.468000411987305,0.46963322127812307,0.03569676596022374,1.0,0.32498773617215665,2,2,44.93600082397461,20996.01866054535,23000.0,148,0.8512854083458774,0.2048095095916172,1.0,1.0,1.0
2017-10-25,21.722667694091797,0.5081196025026553,0.10567200455028235,1.0,0.3739704031851977,2,2,43.445335388183594,20952.573325157166,23000.0,150,0.8508133571833392,0.3152426499671048,1.0,1.0,1.0
2017-11-02,19.950666427612305,0.5852924895760263,0.24598634468368416,1.0,0.47219044127857895,2,2,39.90133285522461,21412.67199230194,23500.0,152,0.8575894025858303,0.528960567631388,1.0,1.0,1.0
2018-02-06,22.264667510986328,0.4748363059679135,0.04515691994166086,1.0,0.33160984395916265,2,2,44.529335021972656,22868.14265727997,25000.0,154,0.862007116876172,0.0950666656727765,0.0,1.0,0.05069758962109194
2018-02-08,21.01533317565918,0.6295661948813508,0.32648399069336503,1.0,0.5285387934853556,3,3,63.04599952697754,22805.09665775299,25000.0,157,0.861016272104883,0.34281982780918446,1.0,1.0,0.4588822004428639
2018-02-09,20.69466781616211,0.648491919721116,0.36089439949293806,1.0,0.5526260796450566,3,3,62.08400344848633,22743.012654304504,25000.0,160,0.8594258149078949,0.3774402533315111,1.0,1.0,0.42205602081338034
2018-02-12,21.048667907714844,0.4619926584397005,0.021804833526728157,1.0,0.31526338346870975,2,2,42.09733581542969,22700.915318489075,25000.0,162,0.857553859354764,0.27149440486156345,0.0,1.0,0.41587117018007036
2018-03-26,20.278667449951172,0.4540869375012924,0.0074307954568952886,1.0,0.30520155681982675,2,2,40.557334899902344,23160.357983589172,25500.0,164,0.8635570113612165,0.2790105694691089,0.0,1.0,0.4790585789466071
2018-03-27,18.61199951171875,0.6534218179903003,0.36985785089145506,1.0,0.5589004956240186,3,3,55.83599853515625,23104.521985054016,25500.0,167,0.8636274602331369,0.6112607807015361,1.0,1.0,0.8139453316841765
2018-03-28,17.185333251953125,0.7078862062621767,0.46888401138577573,1.0,0.628218807970043,3,3,51.555999755859375,23052.965985298157,25500.0,170,0.8636395144091966,0.8731782177684512,1.0,1.0,1.0
2018-03-29,17.742000579833984,0.48962217522436086,0.07204031858974698,1.0,0.35042822301282295,2,2,35.48400115966797,23017.48198413849,25500.0,172,0.8631451697321381,0.678632473766036,0.0,1.0,1.0
2018-04-02,16.832000732421875,0.5433465526089722,0.16972100474358587,1.0,0.4188047033205101,2,2,33.66400146484375,23483.817982673645,26000.0,174,0.8665266555874377,0.8287492090096261,0.0,1.0,1.0
2018-07-30,19.344667434692383,0.5272243197563702,0.1404078541024912,1.0,0.3982854978717439,2,2,38.689334869384766,24945.12864780426,27500.0,176,0.8683225351430374,0.35231837844659153,1.0,1.0,1.0
2018-09-07,17.549333572387695,0.5005607345322514,0.091928608240457,1.0,0.36435002576831993,2,2,35.09866714477539,25910.029980659485,28500.0,178,0.8740114913438726,0.6990191787482744,0.0,1.0,1.0
2018-09-28,17.65133285522461,0.5953821473904986,0.2643311770736337,1.0,0.48503182395154365,2,2,35.30266571044922,25874.727314949036,28500.0,180,0.8764381126233016,0.5389394513495516,1.0,1.0,1.0
2018-10-05,17.463333129882812,0.5940230175122012,0.2618600318403658,1.0,0.48330202228825614,2,2,34.926666259765625,26339.80064868927,29000.0,182,0.8786784937079839,0.5328158420411623,1.0,1.0,1.0
2018-10-08,16.70400047302246,0.6411278376225438,0.3475051593137159,1.0,0.5432536115196012,3,3,50.11200141906738,26289.688647270203,29000.0,185,0.8790292884056888,0.6670502476587221,1.0,1.0,1.0
2018-12-20,21.025333404541016,0.6156158573799569,0.30111974069083075,1.0,0.5107838184835816,3,3,63.07600021362305,27226.61264705658,30000.0,188,0.857255849873556,0.45844006404165655,1.0,1.0,0.7243885624518369
2018-12-24,19.69266700744629,0.6765758795885694,0.41195614470648967,1.0,0.5883693012945428,3,3,59.07800102233887,27167.53464603424,30000.0,191,0.8579911412433221,0.6549407905326563,1.0,1.0,0.7647514826651152
2019-01-23,19.172666549682617,0.4598524390448557,0.017913525536101208,1.0,0.31253946787527087,2,2,38.345333099365234,27629.189312934875,30500.0,193,0.8637811859756979,0.5929400684381755,0.0,1.0,1.0
2019-02-21,19.415332794189453,0.5028571210839552,0.09610385651628214,1.0,0.3672726995613975,2,2,38.830665588378906,28090.358647346497,31000.0,195,0.8719792889214351,0.27904105703272264,1.0,1.0,1.0
2019-03-05,18.43600082397461,0.5528497988893395,0.1869996343442536,1.0,0.43089974404097753,2,2,36.87200164794922,28553.486645698547,31500.0,197,0.8754498521849079,0.418406716070348,1.0,1.0,1.0
2019-04-25,16.5086669921875,0.5509934122350695,0.18362438588194446,1.0,0.4285370701173612,2,2,33.017333984375,29020.469311714172,32000.0,199,0.8895550675883649,0.3989975387975476,1.0,1.0,1.0
2019-04-26,15.675999641418457,0.6136893838849056,0.29761706160891915,1.0,0.5083319431262434,3,3,47.02799892425537,28973.441312789917,32000.0,202,0.8897748542857625,0.5779090996711106,1.0,1.0,1.0
2019-05-17,14.0686674118042,0.6369248660532998,0.3398633928241814,1.0,0.537904374976927,3,3,42.2060022354126,29431.235310554504,32500.0,205,0.8998551263902614,0.6342159194763095,1.0,1.0,1.0
2019-05-20,13.690667152404785,0.656374324662262,0.3752260448404763,1.0,0.5626582313883335,3,3,41.072001457214355,29390.16330909729,32500.0,208,0.8998226508422373,0.6898182767642257,1.0,1.0,1.0
2019-05-21,13.67199993133545,0.48815824572161387,0.06937862858475247,1.0,0.34856504000932675,2,2,27.3439998626709,29362.81930923462,32500.0,210,0.899703551291219,0.6378914364848207,0.0,1.0,1.0
2019-05-22,12.84866714477539,0.7053274604254827,0.4642317462281502,1.0,0.6249622223597051,3,3,38.54600143432617,29324.273307800293,32500.0,213,0.9004761795711557,0.8290308502159375,1.0,1.0,1.0
2019-05-23,13.03266716003418,0.51242132301294,0.11349331456898173,1.0,0.37944532019828725,2,2,26.06533432006836,29298.207973480225,32500.0,215,0.9005336005889308,0.7063844651623263,0.0,1.0,1.0
2019-05-24,12.708666801452637,0.5269449540660225,0.13989991648367722,1.0,0.3979299415385741,2,2,25.417333602905273,29272.79063987732,32500.0,217,0.9011546568700606,0.7472594976042899,0.0,1.0,1.0
2019-05-28,12.579999923706055,0.5196995841819623,0.12672651669447682,1.0,0.3887085616861338,2,2,25.15999984741211,29247.630640029907,32500.0,219,0.9017369884389806,0.7259761092237685,0.0,1.0,1.0
2019-05-29,12.657333374023438,0.49031887186489037,0.0733070397543461,1.0,0.3513149278280423,2,2,25.314666748046875,29222.31597328186,32500.0,221,0.9021530249739675,0.6416151803542905,0.0,1.0,1.0
2019-05-30,12.54800033569336,0.4838072685392993,0.06146776098054413,1.0,0.3430274326863809,2,2,25.09600067138672,29197.219972610474,32500.0,223,0.9025369836194522,0.6226266407785457,0.0,1.0,1.0
2019-05-31,12.343999862670898,0.4886772434459908,0.07032226081089231,1.0,0.34922558256762465,2,2,24.687999725341797,29172.531972885132,32500.0,225,0.9029546039241781,0.6361232344929386,0.0,1.0,1.0
2019-06-03,11.9313325881958,0.518132478278976,0.12387723323450182,1.0,0.3867140632641513,2,2,23.8626651763916,29648.66930770874,33000.0,227,0.9050042129008862,0.7182314393247599,0.0,1.0,1.0
2019-08-23,14.09333324432373,0.4684059207279876,0.033465310414522866,1.0,0.32342571729016606,2,2,28.18666648864746,30620.482641220093,34000.0,229,0.8987913003594801,0.3515001561064047,0.0,1.0,0.5959804451753603
2019-08-27,14.272000312805176,0.4609062378974308,0.019829523449874147,1.0,0.31388066641491197,2,2,28.54400062561035,30591.938640594482,34000.0,231,0.8989477691634301,0.24374083787636147,0.0,1.0,0.4451738728324812
2020-03-09,40.53333282470703,0.5240956785586941,0.13471941556126196,1.0,0.3943035908928834,2,2,81.06666564941406,34010.87197494507,37500.0,233,0.6996325309115958,0.8436689073225178,0.0,1.0,0.8302991241162285
2020-03-11,42.28200149536133,0.46724974694321864,0.031363176260397495,1.0,0.3219542233822783,2,2,84.56400299072266,33926.307971954346,37500.0,235,0.7039384145338464,0.5632175502010177,0.0,1.0,0.6312742035699188
2020-03-12,37.369998931884766,0.644082083655481,0.35287651573723816,1.0,0.5470135610160667,3,3,112.1099967956543,33814.19797515869,37500.0,238,0.7075321190842984,0.9963923917629995,0.0,1.0,0.5114574757053656
2020-03-13,36.44133377075195,0.7012468842947714,0.4568125168995844,1.0,0.6197687618297092,3,3,109.32400131225586,33704.873973846436,37500.0,241,0.7099813927625725,1.0,0.0,1.0,0.2362330158606447
2020-03-16,29.67133331298828,0.7009994096735711,0.4563625630428565,1.0,0.6194537941299996,3,3,89.01399993896484,33615.85997390747,37500.0,244,0.7161339374811817,1.0,0.0,1.0,0.24823734222421212
2020-03-17,28.68000030517578,0.7277976258570921,0.50508659246744,1.0,0.6535606147272081,3,3,86.04000091552734,33529.81997299194,37500.0,247,0.7221992362785342,1.0,0.0,1.0,0.12486053420197485
2020-03-18,24.08133316040039,0.7283544466298929,0.5060989938725325,1.0,0.6542692957107727,3,3,72.24399948120117,33457.57597351074,37500.0,250,0.7304599038290218,1.0,0.0,1.0,0.13653259855132305
2020-03-19,28.50933265686035,0.6811372084633343,0.42024946993333495,1.0,0.5941746289533345,3,3,85.52799797058105,33372.04797554016,37500.0,253,0.7350672465081793,1.0,0.0,1.0,0.3806816390726424
2020-03-20,28.50200080871582,0.684456219115059,0.42628403475465276,1.0,0.598398824328257,3,3,85.50600242614746,33286.541973114014,37500.0,256,0.7391088580133492,1.0,0.0,1.0,0.3711594059480663
2020-03-23,28.952667236328125,0.6850913264637344,0.4274387753886079,1.0,0.5992071427720256,3,3,86.85800170898438,33199.68397140503,37500.0,259,0.742332859017554,1.0,0.0,1.0,0.37362587096204725
2020-03-24,33.66666793823242,0.5050221360769374,0.10004024741261335,1.0,0.3700281731888294,2,2,67.33333587646484,33132.350635528564,37500.0,261,0.7419954388343192,0.49379181173842196,0.0,1.0,0.3875170081176096
2020-03-27,34.29066848754883,0.4650512269059644,0.02736586710175343,1.0,0.3191561069712274,2,2,68.58133697509766,33063.76929855347,37500.0,263,0.7440842996303884,0.3370767731591757,0.0,1.0,0.3167757428519149
2020-03-30,33.47533416748047,0.4999470130277717,0.09081275095958492,1.0,0.3635689256717095,2,2,66.95066833496094,32996.818630218506,37500.0,265,0.7443235515196627,0.40877389457093083,0.0,1.0,0.26818546551968003
2020-04-01,32.104000091552734,0.5358544839003488,0.15609906163699785,1.0,0.4092693431458985,2,2,64.20800018310547,33432.6106300354,38000.0,267,0.7495741029196639,0.5299519509882109,0.0,1.0,0.30989817483703685
2020-04-02,30.29800033569336,0.6019349279749638,0.2762453235908433,1.0,0.49337172651359035,2,2,60.59600067138672,33372.014629364014,38000.0,269,0.7514395805018741,0.7176746286074247,0.0,1.0,0.31127522606645375
2020-04-03,32.000667572021484,0.49933096065505,0.08969265573645453,1.0,0.3627848590155182,2,2,64.00133514404297,33308.01329421997,38000.0,271,0.7518530622054311,0.4355463035329781,0.0,1.0,0.33129408676696603
